N;DELAY;THRESHOLD;BUF SIZE;KILLED DOCKER;REAL MPI KILLED;TIME;DEADLOCK;SEGFAULT;ABORT;RIGHT RESULT
39;3;16;22115275;8;39;4.029;False;False;True;True
26;4;19;32746334;1;1;4.628;False;False;False;True
34;2;17;25270486;3;34;2.976;False;False;True;True
62;2;12;14048919;9;62;3.333;False;False;True;True
13;2;27;46526953;5;13;2.962;False;False;True;True
25;2;20;34004988;10;25;2.827;False;False;True;True
12;4;28;49128305;1;1;5.756;False;False;False;True
11;5;30;52029754;1;1;6.273;False;False;False;True
38;2;16;22676613;5;38;3.164;False;False;True;True
37;2;16;23279730;5;37;3.136;False;False;True;True
58;3;13;15003922;13;58;4.402;False;False;True;True
43;4;15;20115982;5;3;4.97;False;False;False;True
37;3;16;23281248;3;3;5.172;False;False;False;True
34;3;17;25281841;3;34;3.872;False;False;True;True
48;2;14;18056717;6;48;31.242;True;False;True;True
43;4;15;20097551;6;7;4.921;False;False;True;True
59;5;13;14746788;0;0;5.139;False;False;False;True
10;4;31;55260306;4;4;5.967;False;False;False;True
43;2;15;20105530;10;43;3.079;False;False;True;True
13;5;27;46534771;1;1;5.81;False;False;False;True
29;3;18;29479422;12;29;4.179;False;False;True;True
57;5;13;15260361;0;0;5.131;False;False;False;True
48;2;14;18067561;8;48;3.138;False;False;True;True
36;5;16;23896935;0;0;5.213;False;False;False;True
41;3;15;21068813;5;41;3.991;False;False;True;True
64;4;12;13606622;6;64;5.348;False;False;True;True
60;2;12;14500569;9;60;3.429;False;False;True;True
39;4;16;22103887;4;39;5.131;False;False;True;True
40;5;15;21579002;7;13;6.015;False;False;True;True
56;4;13;15531917;0;0;4.334;False;False;False;True
36;4;16;23903503;5;36;5.058;False;False;True;True
9;5;33;58935710;2;2;6.822;False;False;False;True
41;5;15;21050844;4;0;5.587;False;False;False;True
14;4;26;44214585;7;2;4.758;False;False;False;True
30;2;18;28543040;3;30;30.286;True;True;True;True
47;5;14;18438144;0;0;5.14;False;False;False;True
61;4;12;14281101;0;0;4.137;False;False;False;True
31;4;17;27642602;8;1;4.676;False;False;False;True
17;4;24;49112548;3;8;30.33;True;True;False;True
20;3;22;42115646;2;20;3.742;False;False;True;True
27;2;19;31592642;4;27;2.988;False;False;True;True
24;5;20;35363450;0;0;5.144;False;False;False;True
32;3;17;26810050;4;32;31.253;True;False;True;True
40;5;15;21585458;7;1;31.263;True;False;False;True
59;5;13;14742559;0;0;5.137;False;False;False;True
39;5;16;22126017;10;0;5.743;False;False;False;True
59;3;13;14747194;5;59;4.065;False;False;True;True
41;2;15;21054365;7;41;3.059;False;False;True;True
56;2;13;15539771;11;56;3.271;False;False;True;True
33;4;17;26009314;12;33;5.323;False;False;True;True
50;3;14;17358045;4;50;4.169;False;False;True;True
4;3;50;88412534;2;2;5.868;False;False;False;True
60;5;12;14508005;0;0;5.137;False;False;False;True
34;3;17;25265704;8;34;3.88;False;False;True;True
25;2;20;34023657;8;25;2.793;False;False;True;True
43;3;15;20113090;5;43;4.132;False;False;True;True
30;2;18;28539271;4;30;30.351;True;False;False;True
57;4;13;15251810;0;0;4.299;False;False;False;True
17;4;24;49120612;4;17;5.945;False;True;True;True
5;2;44;80383955;3;5;3.568;False;False;True;True
46;3;14;18829791;9;46;4.188;False;False;True;True
59;4;13;14760397;8;0;5.049;False;False;False;True
41;2;15;21076428;8;41;3.174;False;False;True;True
54;2;13;16079057;1;1;4.87;False;False;False;True
62;3;12;14048683;9;62;4.086;False;False;True;True
36;5;16;23914187;3;0;5.684;False;False;False;True
15;4;25;42099766;3;4;5.193;False;False;True;True
22;5;21;38439969;6;1;5.586;False;False;False;True
63;4;12;13812804;5;0;4.763;False;False;False;True
50;2;14;17344221;12;50;3.156;False;False;True;True
42;2;15;20570039;12;42;3.021;False;False;True;True
38;3;16;22678426;5;38;31.195;True;False;False;True
17;3;24;49131454;3;17;4.351;False;False;True;True
48;2;14;18054723;9;48;2.954;False;False;True;True
49;3;14;17704363;7;49;4.042;False;False;True;True
46;2;14;18817207;2;46;31.222;True;False;False;True
60;5;12;14495724;0;0;5.135;False;False;False;True
54;4;13;16086677;9;10;5.044;False;False;True;True
11;5;30;52015223;4;4;6.236;False;False;False;True
27;2;19;31595005;9;27;2.827;False;False;True;True
38;3;16;22686606;10;38;4.229;False;False;True;True
9;4;33;58948952;1;1;30.257;True;True;False;True
48;3;14;18050941;8;48;3.93;False;False;True;True
59;5;13;14735797;0;0;5.142;False;False;False;True
55;5;13;15810072;0;0;5.138;False;False;False;True
58;4;13;14991630;9;0;4.673;False;False;False;True
62;3;12;14044809;9;19;4.166;False;False;True;True
60;5;12;14519799;0;0;5.135;False;False;False;True
28;2;18;30513550;6;28;2.908;False;False;True;True
9;4;33;58964468;1;1;6.719;False;False;False;True
37;5;16;23263271;5;0;5.748;False;False;False;True
57;5;13;15262452;0;0;5.129;False;False;False;True
36;4;16;23906698;9;36;5.054;False;False;True;True
21;2;21;40185067;3;21;2.73;False;False;True;True
56;4;13;15534070;9;56;4.892;False;False;True;True
31;5;17;27651763;0;0;5.142;False;False;False;True
54;2;13;16095709;9;54;3.376;False;False;True;True
31;5;17;27656023;0;0;5.15;False;False;False;True
42;4;15;20580666;3;3;5.137;False;False;False;True
57;5;13;15259752;0;0;5.146;False;False;False;True
35;2;16;24560270;8;35;2.962;False;False;True;True
30;3;18;28522789;9;30;3.944;False;False;True;True
38;2;16;22670886;8;38;2.951;False;False;True;True
41;5;15;21077410;2;0;5.444;False;False;False;True
23;5;20;36850595;0;0;5.297;False;False;False;True
29;5;18;29475725;0;0;5.149;False;False;False;True
60;2;12;14508205;5;60;3.105;False;False;True;True
35;4;16;24581475;8;35;5.162;False;False;True;True
49;3;14;17707879;6;49;4.138;False;False;True;True
17;2;24;49134649;2;17;3.516;False;False;True;True
55;4;13;15788937;0;0;4.147;False;False;False;True
23;5;20;36835120;0;0;5.251;False;False;False;True
50;5;14;17353247;0;0;5.165;False;False;False;True
28;3;18;30499849;7;28;4.031;False;False;True;True
39;2;16;22109300;8;39;3.043;False;False;True;True
28;5;18;30506135;0;0;5.144;False;False;False;True
44;5;15;19654890;6;0;5.591;False;False;False;True
59;2;13;14748601;9;59;3.31;False;False;True;True
60;3;12;14504871;9;60;4.07;False;False;True;True
59;5;13;14742063;0;0;5.139;False;False;False;True
19;5;22;44210743;5;4;6.394;False;False;True;True
13;5;27;46549280;0;0;5.137;False;False;False;True
38;5;16;22679430;4;0;5.419;False;False;False;True
10;2;31;55250864;2;10;3.19;False;False;True;True
18;4;23;46558049;4;18;5.534;False;True;False;True
4;2;50;88426768;2;4;4.398;False;False;True;True
56;5;13;15529694;0;0;5.095;False;False;False;True
13;4;27;46550038;4;13;4.743;False;False;True;True
62;4;12;14036803;9;57;4.921;False;False;True;True
11;5;30;52032125;2;2;5.739;False;False;False;True
54;4;13;16076833;3;0;4.614;False;False;False;True
10;5;31;55253658;2;1;5.713;False;False;False;True
36;5;16;23915946;3;1;6.084;False;False;False;True
24;3;20;35392001;3;24;30.31;True;False;False;True
12;5;28;49129555;4;0;5.485;False;False;False;True
62;4;12;14051864;7;0;4.85;False;False;False;True
4;4;50;88410728;3;4;4.875;False;False;True;True
38;2;16;22687052;3;38;2.965;False;False;True;True
58;2;13;14999615;4;58;3.17;False;False;True;True
24;5;20;35360132;0;0;5.126;False;False;False;True
52;5;13;16697454;0;0;5.329;False;False;False;True
32;2;17;26792561;2;2;31.219;True;True;False;True
18;2;23;46541044;2;18;3.185;False;False;True;True
48;5;14;18045391;6;48;5.729;False;False;True;True
46;2;14;18824393;7;46;2.989;False;False;True;True
16;4;25;52010340;0;0;6.684;False;False;False;True
38;4;16;22667043;5;38;5.157;False;False;True;True
48;4;14;18058358;8;0;4.978;False;False;False;True
53;5;13;16402697;0;0;5.145;False;False;False;True
42;5;15;20560501;0;0;5.282;False;False;False;True
8;2;35;63161601;2;8;3.229;False;False;True;True
11;3;30;52027841;2;11;30.351;True;False;False;True
42;2;15;20566591;7;42;3.012;False;False;True;True
44;2;15;19651075;7;44;31.206;True;False;True;True
55;3;13;15806607;8;55;4.152;False;False;True;True
61;2;12;14277138;13;61;3.286;False;False;True;True
58;4;13;14998678;9;0;4.623;False;False;False;True
26;2;19;32745062;3;26;3.205;False;False;True;True
24;3;20;35370359;3;3;5.591;False;False;False;True
9;5;33;58953228;1;1;6.816;False;False;False;True
46;4;14;18823270;0;0;4.135;False;False;False;True
38;5;16;22690389;4;0;5.492;False;False;False;True
12;3;28;49123373;2;12;3.925;False;False;True;True
35;3;16;24558223;3;3;6.142;False;False;False;True
12;4;28;49126291;2;3;5.212;False;False;True;True
16;4;25;52018466;3;16;4.992;False;False;True;True
17;5;24;49123274;4;17;6.152;False;False;True;True
27;2;19;31578294;5;27;2.64;False;False;True;True
6;4;40;73682933;4;6;5.177;False;False;True;True
29;5;18;29467866;0;0;5.14;False;False;False;True
15;2;25;42108378;3;15;2.81;False;False;True;True
61;2;12;14284264;5;61;3.369;False;False;True;True
20;5;22;42115367;7;0;5.9;False;False;False;True
38;4;16;22678382;6;38;4.678;False;False;True;True
5;4;44;80375244;2;2;6.613;False;False;False;True
49;2;14;17695628;4;49;3.397;False;False;True;True
25;2;20;34018778;5;25;2.973;False;False;True;True
59;3;13;14764885;14;59;4.248;False;False;True;True
8;2;35;63163734;5;8;3.106;False;False;True;True
13;4;27;46534939;3;13;4.848;False;False;True;True
23;4;20;36843118;5;23;5.081;False;False;True;True
52;5;13;16687831;0;0;5.226;False;False;False;True
17;5;24;49121328;2;17;5.876;False;False;True;True
35;3;16;24556722;4;35;31.218;True;False;False;True
27;2;19;31592613;4;27;3.026;False;False;True;True
29;5;18;29484385;0;0;5.14;False;False;False;True
38;4;16;22698238;10;38;5.086;False;False;True;True
14;4;26;44204812;3;7;5.311;False;False;True;True
54;2;13;16078983;5;54;3.153;False;False;True;True
56;2;13;15517957;10;56;3.263;False;False;True;True
11;4;30;52009654;3;11;4.81;False;False;True;True
48;2;14;18054754;7;48;3.421;False;False;True;True
32;5;17;26807060;0;0;5.1;False;False;False;True
21;3;21;40209983;6;21;3.73;False;False;True;True
64;5;12;13619615;7;1;5.865;False;False;False;True
64;3;12;13621775;7;64;31.28;True;True;True;True
60;5;12;14495659;0;0;5.142;False;False;False;True
56;4;13;15526393;9;0;4.65;False;False;False;True
54;2;13;16105144;12;54;3.588;False;False;True;True
37;2;16;23271233;3;37;3.107;False;False;True;True
4;3;50;88400888;1;4;4.249;False;False;True;True
54;3;13;16076419;9;54;4.485;False;False;True;True
31;5;17;27653034;0;0;5.135;False;False;False;True
41;2;15;21061602;3;3;6.018;False;False;False;True
13;3;27;46544810;2;13;4.928;False;True;True;True
14;5;26;44204962;3;0;5.372;False;False;False;True
25;2;20;34030022;3;25;2.803;False;False;True;True
34;3;17;25267191;4;34;4.74;False;True;True;True
58;4;13;15013235;8;0;4.714;False;False;False;True
45;3;14;19236799;2;2;31.236;True;True;False;True
41;5;15;21074781;5;0;5.502;False;False;False;True
52;2;13;16683678;7;52;3.069;False;False;True;True
57;2;13;15264641;12;57;3.184;False;False;True;True
59;4;13;14756593;7;0;4.71;False;False;False;True
31;2;17;27650105;8;31;3.098;False;False;True;True
34;4;17;25285768;6;34;31.255;True;False;True;True
45;4;14;19220832;4;1;4.902;False;False;False;True
54;2;13;16084935;14;54;3.366;False;False;True;True
27;4;19;31591938;6;3;5.017;False;False;False;True
19;2;22;44227621;3;19;3.048;False;False;True;True
4;5;50;88418374;1;1;7.706;False;False;False;True
17;5;24;49129013;6;17;6.4;False;False;True;True
10;5;31;55255158;2;3;6.4;False;False;True;True
42;5;15;20577335;9;0;5.774;False;False;False;True
16;5;25;52005529;3;3;30.279;True;True;False;True
57;2;13;15244079;11;57;3.24;False;False;True;True
14;4;26;44231009;4;4;5.1;False;False;False;True
48;2;14;18063328;11;48;3.113;False;False;True;True
6;5;40;73692058;2;3;7.497;False;False;True;True
53;3;13;16384106;9;53;4.254;False;False;True;True
43;5;15;20095269;3;0;5.558;False;False;False;True
59;5;13;14737568;0;0;5.141;False;False;False;True
50;5;14;17363117;0;0;5.14;False;False;False;True
58;2;13;15007954;9;58;3.334;False;False;True;True
24;5;20;35377458;0;0;5.138;False;False;False;True
52;5;13;16711111;0;0;5.159;False;False;False;True
47;5;14;18422692;0;0;5.212;False;False;False;True
5;4;44;80393337;1;1;7.433;False;False;False;True
9;5;33;58940389;3;9;5.911;False;False;True;True
5;5;44;80392872;1;1;6.573;False;False;False;True
52;4;13;16711875;8;2;5.054;False;False;False;True
16;4;25;52007801;5;16;4.997;False;False;True;True
15;5;25;42104203;0;0;5.148;False;False;False;True
7;2;37;68028931;4;7;3.463;False;False;True;True
55;2;13;15790814;9;55;3.259;False;False;True;True
23;4;20;36862732;3;23;5.831;False;True;True;True
57;2;13;15248350;9;57;3.125;False;False;True;True
11;4;30;52005741;4;11;4.985;False;False;True;True
43;2;15;20107756;9;43;31.224;True;False;False;True
60;4;12;14499183;0;0;4.141;False;False;False;True
64;5;12;13630380;12;0;6.069;False;False;False;True
5;2;44;80382281;2;5;3.588;False;False;True;True
33;5;17;26030137;5;2;5.971;False;False;False;True
41;5;15;21079223;0;0;5.152;False;False;False;True
21;2;21;40211611;5;21;3.06;False;False;True;True
6;2;40;73692556;2;6;4.025;False;False;True;True
58;3;13;15000400;8;58;31.238;True;False;False;True
27;4;19;31595583;5;0;4.75;False;False;False;True
50;2;14;17355013;10;50;3.088;False;False;True;True
39;4;16;22125074;9;39;5.088;False;False;True;True
37;4;16;23291960;3;37;31.216;True;False;False;True
51;2;14;17014101;10;51;3.323;False;False;True;True
25;2;20;34021925;7;25;2.751;False;False;True;True
10;4;31;55254300;4;10;5.286;False;False;True;True
32;5;17;26795129;5;1;5.91;False;False;False;True
31;3;17;27652692;6;31;4.148;False;False;True;True
54;3;13;16091183;11;54;4.31;False;False;True;True
13;5;27;46534114;3;0;5.621;False;False;False;True
45;5;14;19218759;9;0;5.859;False;False;False;True
46;5;14;18812337;0;0;5.229;False;False;False;True
11;4;30;52029965;6;11;4.867;False;False;True;True
36;4;16;23905745;6;36;5.112;False;False;True;True
36;2;16;23896923;5;36;31.247;True;False;False;True
44;4;15;19652814;9;7;5.011;False;False;True;True
27;3;19;31588307;5;27;4.149;False;False;True;True
37;5;16;23288503;8;1;6.043;False;False;False;True
10;4;31;55275348;4;10;5.225;False;False;True;True
61;5;12;14284876;7;0;5.819;False;False;False;True
22;4;21;38453912;6;22;5.18;False;False;True;True
52;2;13;16682740;6;52;31.236;True;False;False;True
8;3;35;63147314;1;1;30.307;True;True;False;True
4;5;50;88411460;3;3;6.203;False;False;False;True
12;3;28;49115806;3;12;3.789;False;False;True;True
56;5;13;15536159;7;1;6.353;False;False;False;True
55;5;13;15804184;7;0;5.826;False;False;False;True
4;4;50;88411561;1;1;30.316;True;True;False;True
20;2;22;42110382;5;20;3.067;False;False;True;True
20;5;22;42103565;3;20;5.799;False;False;True;True
31;4;17;27644652;7;0;4.6;False;False;False;True
9;5;33;58963497;2;2;5.896;False;False;False;True
51;4;14;17021156;3;1;5.016;False;False;False;True
50;3;14;17355466;6;50;3.985;False;False;True;True
13;2;27;46550354;2;13;3.406;False;False;True;True
21;4;21;40208060;7;21;5.091;False;False;True;True
49;4;14;17711661;10;49;5.303;False;False;True;True
36;2;16;23907133;10;36;2.8;False;False;True;True
30;2;18;28548231;8;30;2.825;False;False;True;True
15;4;25;42116990;1;1;5.039;False;False;False;True
18;4;23;46545945;4;18;6.352;False;True;True;True
44;4;15;19655418;11;44;5.04;False;False;True;True
49;3;14;17707354;7;49;4.187;False;False;True;True
7;2;37;68021823;4;7;30.371;True;False;False;True
56;5;13;15536994;0;0;5.179;False;False;False;True
40;5;15;21569633;4;2;31.217;True;False;False;True
56;3;13;15539484;8;56;4.16;False;False;True;True
51;4;14;17021930;3;26;5.097;False;False;True;True
64;2;12;13615273;13;64;31.231;True;True;True;True
44;3;15;19666896;12;44;4.591;False;False;True;True
12;5;28;49142902;5;0;5.626;False;False;False;True
40;5;15;21580500;4;0;5.911;False;False;False;True
36;2;16;23892837;4;36;3.162;False;False;True;True
37;5;16;23294423;7;8;6.026;False;False;True;True
47;5;14;18418450;2;0;5.605;False;False;False;True
55;4;13;15812478;6;18;4.978;False;False;True;True
42;2;15;20567078;4;42;3.197;False;False;True;True
19;3;22;44211453;3;19;4.0;False;False;True;True
42;4;15;20560772;2;6;31.234;True;False;False;True
26;5;19;32741508;0;0;5.212;False;False;False;True
9;5;33;58949783;5;5;6.463;False;False;False;True
25;5;20;34025611;7;2;5.984;False;False;False;True
29;4;18;29467299;8;29;4.921;False;False;True;True
14;3;26;44231899;3;3;30.268;True;True;False;True
40;5;15;21585750;8;40;5.906;False;False;True;True
16;4;25;52007808;3;3;6.866;False;False;False;True
10;2;31;55271801;5;10;3.451;False;False;True;True
18;5;23;46558739;4;4;7.192;False;False;False;True
36;2;16;23896021;8;36;3.238;False;False;True;True
29;2;18;29474568;6;29;3.065;False;False;True;True
6;2;40;73668670;2;6;3.919;False;False;True;True
58;2;13;15003583;8;58;3.306;False;False;True;True
5;2;44;80373724;3;5;2.844;False;False;True;True
8;5;35;63160756;2;8;5.738;False;False;True;True
4;4;50;88430770;1;4;4.681;False;False;True;True
7;5;37;68027922;1;1;5.866;False;False;False;True
27;3;19;31579059;3;27;3.909;False;False;True;True
33;3;17;26016835;6;33;31.242;True;False;False;True
44;5;15;19668249;10;4;6.059;False;False;True;True
4;2;50;88406741;2;4;3.562;False;False;True;True
12;5;28;49140025;2;1;5.629;False;False;False;True
48;2;14;18067637;5;48;3.486;False;False;True;True
38;5;16;22690867;8;4;6.195;False;False;True;True
51;2;14;17014656;5;51;3.131;False;False;True;True
45;5;14;19239310;10;1;6.179;False;False;False;True
48;5;14;18056316;8;48;5.897;False;False;True;True
12;3;28;49138032;2;12;30.357;True;False;False;True
52;2;13;16700950;9;52;31.237;True;False;False;True
35;3;16;24580407;3;35;31.25;True;False;False;True
51;3;14;17020796;3;51;4.085;False;False;True;True
41;3;15;21048599;8;41;4.39;False;False;True;True
19;5;22;44205291;6;19;6.205;False;False;True;True
54;3;13;16075150;4;54;4.089;False;False;True;True
42;2;15;20562060;10;42;3.268;False;False;True;True
48;3;14;18051152;11;48;4.555;False;False;True;True
34;3;17;25282298;5;34;31.202;True;False;True;True
22;4;21;38462572;3;3;6.249;False;False;False;True
27;3;19;31591569;3;27;3.915;False;False;True;True
18;5;23;46556698;5;5;30.295;True;True;False;True
47;2;14;18439217;10;47;3.231;False;False;True;True
54;3;13;16074782;8;54;4.2;False;False;True;True
49;2;14;17701105;7;49;3.247;False;False;True;True
48;2;14;18059725;3;48;31.259;True;True;True;True
8;4;35;63158319;4;8;5.067;False;False;True;True
52;4;13;16705913;9;52;5.325;False;False;True;True
47;2;14;18423533;7;47;3.663;False;False;True;True
48;2;14;18052704;5;48;2.785;False;False;True;True
5;2;44;80375130;2;5;4.201;False;False;True;True
21;4;21;40182103;3;21;30.388;True;False;False;True
58;4;13;15013371;7;58;5.231;False;False;True;True
59;4;13;14740577;8;59;5.115;False;False;True;True
51;2;14;17004626;3;51;31.26;True;False;False;True
55;3;13;15805451;10;55;4.395;False;False;True;True
5;3;44;80382725;2;5;4.435;False;False;True;True
56;3;13;15519389;13;56;4.378;False;True;True;True
38;4;16;22669621;1;38;31.225;True;False;False;True
5;5;44;80373330;0;0;7.67;False;False;False;True
23;2;20;36846531;7;23;2.838;False;False;True;True
28;5;18;30496818;0;0;5.192;False;False;False;True
50;2;14;17343644;11;50;3.061;False;False;True;True
56;4;13;15513263;9;56;5.142;False;False;True;True
31;4;17;27630686;7;0;4.842;False;False;False;True
25;5;20;34024865;7;2;5.999;False;False;False;True
17;3;24;49116975;5;17;4.323;False;False;True;True
5;3;44;80376844;2;5;4.573;False;False;True;True
40;3;15;21592186;4;40;4.242;False;False;True;True
34;4;17;25289484;6;34;31.222;True;False;True;True
29;3;18;29472482;4;29;3.92;False;False;True;True
51;5;14;17000210;13;0;5.928;False;False;False;True
6;3;40;73688367;3;6;3.922;False;False;True;True
18;3;23;46557193;7;18;3.645;False;False;True;True
53;5;13;16377113;10;0;5.632;False;False;False;True
60;4;12;14503997;2;60;31.269;True;False;False;True
64;2;12;13604365;9;64;3.73;False;False;True;True
64;2;12;13616242;9;64;4.308;False;True;True;True
57;2;13;15259872;7;57;3.006;False;False;True;True
16;2;25;52018358;4;16;3.403;False;False;True;True
48;2;14;18046478;4;48;3.285;False;False;True;True
10;5;31;55278625;3;4;6.326;False;False;True;True
19;2;22;44210818;1;19;3.422;False;False;True;True
48;3;14;18067822;5;48;4.014;False;False;True;True
6;5;40;73697914;5;6;5.851;False;False;True;True
45;5;14;19222847;5;12;5.988;False;False;True;True
15;4;25;42116825;7;6;5.118;False;False;True;True
62;5;12;14038808;6;1;6.124;False;False;False;True
16;5;25;52009078;2;2;7.68;False;False;False;True
62;5;12;14035162;0;0;5.11;False;False;False;True
10;4;31;55257893;0;10;31.234;True;False;False;True
20;2;22;42105510;6;20;3.468;False;False;True;True
45;5;14;19237967;0;35;7.313;False;False;False;False
16;3;25;52010374;5;0;5.93;False;False;True;False
31;4;17;27654864;5;31;4.676;False;False;True;True
40;5;15;21571932;0;18;6.571;False;False;False;False
16;5;25;52030859;0;0;5.145;False;False;False;False
61;3;12;14288522;17;61;3.155;False;False;True;True
24;2;20;35367197;0;8;7.927;False;False;False;False
18;3;23;46549056;5;0;5.757;False;False;False;False
41;4;15;21069507;4;0;4.39;False;False;False;True
54;4;13;16089179;1;0;4.232;False;False;False;True
35;4;16;24568107;0;35;13.978;False;False;True;True
29;3;18;29489280;8;29;4.336;False;False;True;True
37;5;16;23277747;0;2;6.07;False;False;False;False
32;2;17;26813675;8;32;3.458;False;False;True;True
61;2;12;14269944;6;24;6.875;False;False;True;False
52;3;13;16710119;1;52;2.879;False;False;True;True
11;4;30;52009289;2;0;4.211;False;False;False;False
4;2;50;88429384;3;4;4.814;False;False;True;True
32;3;17;26799203;13;32;3.154;False;False;True;True
31;4;17;27627474;0;27;6.75;False;False;False;False
57;4;13;15266138;11;26;6.101;False;False;False;False
49;5;14;17697762;5;10;6.489;False;False;True;True
47;4;14;18433400;8;47;5.215;False;False;True;True
17;4;24;49120549;7;17;5.649;False;False;True;True
55;3;13;15793653;7;55;4.316;False;False;True;True
51;2;14;17000761;9;51;3.681;False;False;True;True
60;2;12;14500187;0;60;31.379;True;False;False;True
19;3;22;44217124;8;19;3.986;False;False;True;True
60;3;12;14518769;9;60;4.264;False;False;True;True
57;4;13;15252352;10;57;5.744;False;False;True;True
59;2;13;14740265;4;59;3.34;False;False;True;True
24;5;20;35369111;3;0;5.779;False;False;False;True
30;4;18;28532605;4;30;5.215;False;False;True;True
63;3;12;13814144;0;63;31.342;True;False;False;True
39;3;16;22101883;7;39;4.054;False;False;True;True
29;2;18;29484423;0;8;5.319;False;False;False;False
23;4;20;36840856;4;0;4.633;False;False;True;False
19;2;22;44218252;0;19;4.153;False;False;False;True
31;2;17;27629445;7;31;3.1;False;False;True;True
51;3;14;17029050;9;32;8.095;False;False;True;False
16;3;25;52019435;0;16;4.813;False;False;False;True
7;4;37;68019082;2;0;6.972;False;False;False;False
46;3;14;18819289;2;46;3.849;False;False;True;True
39;4;16;22107612;9;0;4.679;False;False;False;True
44;2;15;19664448;4;44;3.111;False;False;True;True
6;2;40;73696405;1;6;30.303;True;False;False;True
57;5;13;15253787;0;0;5.147;False;False;False;True
4;2;50;88407240;3;4;3.412;False;False;True;True
27;4;19;31577715;6;1;4.939;False;False;False;True
11;3;30;52008432;4;4;5.923;False;False;False;True
23;4;20;36848737;0;23;30.388;True;False;False;True
55;5;13;15808588;10;55;5.328;False;False;True;True
26;5;19;32747099;0;3;6.331;False;False;False;False
30;5;18;28544427;6;4;5.965;False;False;True;False
62;3;12;14042008;0;62;5.332;False;False;False;True
41;4;15;21055949;8;41;4.146;False;False;True;True
58;3;13;15011043;3;0;7.992;False;False;False;False
63;3;12;13825392;5;63;4.337;False;False;True;True
5;3;44;80368287;1;0;4.667;False;False;False;False
12;4;28;49119741;0;12;5.15;False;False;True;True
19;4;22;44204626;9;19;4.367;False;False;True;True
56;5;13;15537285;0;46;6.388;False;False;False;False
6;4;40;73673746;4;0;5.166;False;False;False;False
50;4;14;17364678;0;50;4.972;False;False;True;True
33;2;17;26030225;4;33;3.612;False;False;True;True
19;5;22;44227876;0;0;5.69;False;False;False;False
50;2;14;17339112;8;50;4.249;False;True;True;True
63;5;12;13816045;2;44;7.243;False;False;False;False
28;3;18;30496609;6;0;5.876;False;False;True;False
10;2;31;55271964;2;10;3.744;False;False;True;True
49;4;14;17695293;16;33;7.917;False;False;False;False
63;3;12;13830575;5;63;31.315;True;False;False;True
38;5;16;22696567;0;38;31.464;True;False;False;True
43;5;15;20095582;8;5;7.682;False;False;True;False
50;3;14;17362404;6;50;3.843;False;False;True;True
46;4;14;18814989;6;46;4.955;False;False;True;True
26;4;19;32748343;6;1;4.92;False;False;False;True
35;5;16;24561714;0;0;5.355;False;False;False;True
10;4;31;55255141;1;10;5.687;False;True;True;True
44;2;15;19649441;3;44;31.324;True;False;False;True
59;2;13;14736791;10;59;3.678;False;True;True;True
9;5;33;58957767;3;1;5.787;False;False;False;True
37;2;16;23284033;5;37;2.78;False;False;True;True
51;5;14;17000123;7;51;6.231;False;False;True;True
39;5;16;22110225;10;2;6.139;False;False;False;True
30;4;18;28534516;0;30;31.313;True;False;False;True
54;5;13;16077577;7;24;5.51;False;False;True;False
57;3;13;15265638;14;17;4.02;False;False;True;True
57;3;13;15265638;14;17;4.02;False;False;True;True
22;3;21;38452678;8;0;6.527;False;False;False;False
63;4;12;13833749;7;63;4.996;False;False;True;True
7;2;37;68022938;2;7;30.65;True;False;False;True
55;5;13;15809108;0;0;5.156;False;False;False;True
51;4;14;17004566;0;0;4.079;False;False;False;True
33;3;17;26018489;0;33;30.436;True;False;False;True
33;3;17;26002714;9;0;5.914;False;False;False;False
52;3;13;16707188;5;52;4.105;False;False;True;True
64;3;12;13627738;11;64;4.206;False;False;True;True
24;2;20;35389071;6;24;3.329;False;False;True;True
33;2;17;26026118;4;33;3.677;False;False;True;True
41;2;15;21070309;7;41;3.309;False;False;True;True
52;3;13;16685105;4;52;4.147;False;False;True;True
42;5;15;20584766;0;42;31.399;True;False;False;True
63;2;12;13821016;6;21;6.054;False;False;True;False
37;4;16;23282927;5;37;31.51;True;False;False;True
5;5;44;80390921;0;5;31.273;True;False;False;True
64;5;12;13617331;28;64;5.379;False;False;True;True
42;5;15;20587125;0;42;7.496;False;False;True;True
26;4;19;32765481;2;26;5.556;False;False;True;True
25;3;20;34014867;0;0;6.934;False;False;False;False
29;5;18;29469565;6;4;5.725;False;False;True;False
4;3;50;88407456;0;4;5.135;False;False;False;True
61;3;12;14270255;12;61;3.921;False;False;True;True
45;4;14;19247670;17;41;7.875;False;False;False;False
12;2;28;49114268;10;0;4.716;False;False;False;False
8;3;35;63164812;3;0;5.905;False;False;False;False
29;2;18;29480262;5;29;2.98;False;False;True;True
63;3;12;13840672;10;0;4.019;False;False;False;True
64;3;12;13623654;4;64;30.753;True;True;True;True
15;3;25;42120176;3;3;4.249;False;False;False;True
39;3;16;22100023;5;39;4.407;False;False;True;True
60;5;12;14503235;0;60;31.516;True;False;False;True
36;5;16;23917738;4;0;5.776;False;False;False;False
4;2;50;88417790;1;4;3.953;False;False;True;True
44;2;15;19668700;2;44;3.658;False;False;True;True
36;5;16;23908564;9;36;6.377;False;False;True;True
21;5;21;40183011;4;4;6.33;False;False;False;True
8;5;35;63152446;3;8;5.778;False;False;True;True
48;3;14;18062802;0;48;31.428;True;False;False;True
59;2;13;14752398;10;59;4.339;False;False;True;True
24;3;20;35388238;5;0;5.654;False;False;True;False
5;5;44;80378233;4;5;6.086;False;False;True;True
13;3;27;46548403;4;13;3.955;False;False;True;True
4;2;50;88407430;2;4;3.815;False;False;True;True
22;2;21;38441025;2;22;2.954;False;False;True;True
39;4;16;22129021;3;39;30.505;True;False;False;True
55;3;13;15793913;3;55;4.42;False;False;True;True
11;5;30;52000981;3;3;6.117;False;False;False;True
35;3;16;24583300;5;35;4.106;False;False;True;True
20;3;22;42121531;2;2;6.651;False;False;False;True
8;3;35;63157169;0;8;31.242;True;False;False;True
49;4;14;17695859;23;49;4.376;False;False;True;True
11;5;30;52029668;3;3;6.374;False;True;False;True
31;2;17;27633727;9;31;2.839;False;False;True;True
51;3;14;17018023;7;51;4.203;False;False;True;True
35;3;16;24574644;3;3;5.622;False;False;False;True
11;4;30;52021042;0;1;30.373;True;False;False;True
40;3;15;21562381;0;40;6.267;False;False;False;True
46;5;14;18825389;5;46;5.724;False;False;True;True
30;4;18;28520607;0;30;6.231;False;False;False;True
60;4;12;14500236;11;31;5.272;False;False;True;False
52;5;13;16697568;0;52;5.746;False;False;False;True
35;5;16;24583568;8;0;8.31;False;True;True;True
55;2;13;15807829;4;55;3.11;False;False;True;True
30;5;18;28536261;7;0;16.891;False;False;True;True
7;5;37;68030023;3;0;5.496;False;False;True;False
63;3;12;13813148;0;63;5.717;False;False;False;True
43;3;15;20093740;9;43;4.502;False;False;True;True
42;2;15;20587983;6;0;8.958;False;False;False;False
18;4;23;46548174;2;18;31.434;True;False;False;True
22;3;21;38462969;1;22;30.483;True;False;False;True
28;2;18;30492315;5;28;3.206;False;False;True;True
48;3;14;18058274;4;48;30.886;True;False;True;True
34;4;17;25269037;8;34;5.268;False;False;True;True
20;5;22;42119807;0;20;31.26;True;False;False;True
7;3;37;68031166;3;0;4.103;False;False;True;False
50;5;14;17350988;0;50;5.941;False;False;False;True
17;4;24;49136857;2;0;5.901;False;False;True;False
45;2;14;19237900;3;45;3.081;False;False;True;True
15;5;25;42102081;0;0;5.441;False;False;False;True
57;5;13;15271246;7;0;5.725;False;False;False;True
22;4;21;38463580;2;22;5.824;False;True;True;True
30;5;18;28546727;0;9;30.478;True;False;False;True
39;5;16;22128781;5;35;5.772;False;False;True;False
61;5;12;14261570;13;61;5.567;False;False;True;True
51;2;14;17026643;5;51;3.156;False;False;True;True
6;4;40;73666880;1;1;6.896;False;False;False;True
55;5;13;15806534;8;5;6.425;False;False;True;True
26;3;19;32756036;9;26;4.359;False;False;True;True
23;3;20;36850186;0;23;31.346;True;False;False;True
5;3;44;80371066;10;5;4.188;False;False;True;True
30;3;18;28534058;11;30;3.255;False;False;True;True
9;4;33;58941926;0;9;5.278;False;False;True;True
22;4;21;38462849;7;22;4.761;False;False;True;True
46;5;14;18823396;0;37;7.19;False;False;False;False
12;4;28;49138040;0;0;5.157;False;False;False;False
36;3;16;23922218;7;24;6.413;False;False;True;False
60;5;12;14496297;8;0;5.918;False;False;False;True
4;2;50;88432304;3;4;3.706;False;False;True;True
37;5;16;23279210;5;0;5.647;False;False;False;True
29;2;18;29472530;8;29;3.075;False;False;True;True
27;3;19;31597219;1;27;4.608;False;True;True;True
7;5;37;68009872;0;7;31.321;True;False;False;True
40;4;15;21577943;3;36;6.189;False;False;False;False
16;5;25;52007078;0;0;6.154;False;False;False;False
49;4;14;17700761;5;37;9.835;False;False;False;False
30;2;18;28520266;8;30;3.096;False;False;True;True
64;2;12;13611014;15;64;4.484;False;False;True;True
56;2;13;15514091;10;56;3.243;False;False;True;True
22;4;21;38442947;9;22;5.152;False;False;True;True
26;5;19;32758718;5;13;6.374;False;False;True;True
15;3;25;42111800;5;15;31.363;True;False;False;True
55;3;13;15794823;1;55;4.271;False;False;True;True
47;5;14;18439231;5;0;6.471;False;False;False;False
19;2;22;44219213;7;19;3.541;False;False;True;True
27;5;19;31582282;8;0;5.687;False;False;False;True
36;3;16;23912508;3;36;31.614;True;False;False;True
17;2;24;49112985;3;17;3.141;False;False;True;True
53;4;13;16376603;5;53;31.518;True;True;True;True
42;3;15;20583249;3;42;4.216;False;False;True;True
62;5;12;14055926;7;62;6.401;False;False;True;True
46;3;14;18827221;6;46;4.055;False;False;True;True
36;3;16;23897584;6;36;4.148;False;False;True;True
56;3;13;15519576;0;56;31.295;True;False;False;True
57;5;13;15269405;8;1;5.919;False;False;True;False
63;5;12;13834850;13;63;6.273;False;False;True;True
37;4;16;23271755;0;17;8.965;False;False;False;False
59;5;13;14744226;14;22;6.808;False;False;False;False
5;4;44;80371168;12;5;5.569;False;False;True;True
36;5;16;23920273;9;2;6.432;False;False;False;True
33;4;17;26030363;9;33;5.14;False;False;True;True
44;3;15;19668420;7;44;4.143;False;False;True;True
55;2;13;15794447;5;55;3.092;False;False;True;True
28;3;18;30485365;0;28;31.339;True;False;False;True
29;2;18;29490055;7;1;6.394;False;False;False;False
12;3;28;49133124;3;12;3.913;False;False;True;True
53;5;13;16389639;7;1;6.075;False;False;False;True
56;5;13;15513354;1;0;5.248;False;False;False;True
61;2;12;14264383;6;61;3.002;False;False;True;True
44;4;15;19665586;0;0;4.131;False;False;False;True
38;3;16;22673963;2;38;30.504;True;False;False;True
35;5;16;24582698;6;35;6.08;False;False;True;True
7;4;37;68028908;2;7;31.583;True;False;False;True
29;4;18;29492335;3;2;4.776;False;False;False;True
58;2;13;15001749;5;58;30.461;True;True;True;True
23;2;20;36848248;6;23;3.224;False;False;True;True
38;5;16;22677669;4;38;6.379;False;False;True;True
39;3;16;22104789;8;39;4.361;False;False;True;True
49;4;14;17701343;7;49;5.492;False;False;True;True
40;4;15;21585623;3;40;5.077;False;False;True;True
4;3;50;88427401;0;4;31.292;True;False;False;True
21;4;21;40197264;11;17;6.058;False;False;True;False
7;3;37;68005148;2;7;3.813;False;False;True;True
26;3;19;32755825;6;26;4.443;False;False;True;True
21;3;21;40195859;5;21;4.219;False;False;True;True
16;2;25;52004585;2;16;2.899;False;False;True;True
19;2;22;44215119;2;19;3.029;False;False;True;True
18;5;23;46533509;7;7;6.336;False;False;True;True
38;3;16;22676195;0;38;30.416;True;False;False;True
9;4;33;58955796;1;0;5.362;False;False;False;False
10;4;31;55256418;2;2;30.328;True;True;False;True
24;3;20;35364193;5;24;30.387;True;False;True;True
59;4;13;14755840;0;59;4.042;False;False;False;True
38;4;16;22669955;8;38;6.16;False;False;True;True
64;3;12;13630914;0;5;9.503;False;False;False;False
25;4;20;34015835;8;25;4.961;False;True;True;True
28;2;18;30493126;5;28;3.317;False;False;True;True
45;5;14;19236070;8;20;31.584;True;False;True;True
23;4;20;36839284;2;2;31.429;True;True;False;True
14;4;26;44212199;3;4;5.281;False;False;True;True
49;4;14;17691125;9;2;5.195;False;False;False;True
55;5;13;15794992;0;0;5.087;False;False;False;True
35;3;16;24557218;0;35;30.434;True;False;False;True
18;2;23;46548671;5;18;4.205;False;False;True;True
51;3;14;17019938;10;51;3.661;False;False;True;True
50;3;14;17362865;4;36;4.182;False;True;True;False
53;3;13;16398689;10;53;4.211;False;False;True;True
5;4;44;80379080;3;5;5.031;False;False;True;True
42;2;15;20577241;8;42;3.703;False;False;True;True
20;5;22;42100353;7;2;6.168;False;False;False;True
26;4;19;32760846;0;26;30.343;True;False;False;True
28;3;18;30507635;6;28;3.114;False;False;True;True
59;2;13;14761353;0;33;5.928;False;False;False;False
13;2;27;46529694;3;0;5.075;False;False;False;False
53;4;13;16379514;0;0;4.125;False;False;False;True
7;3;37;68000717;3;7;4.049;False;False;True;True
22;5;21;38444752;8;1;5.957;False;False;False;True
53;2;13;16395683;4;53;30.643;True;True;True;True
36;5;16;23911256;4;36;6.324;False;False;True;True
42;4;15;20564630;3;3;7.598;False;False;False;True
35;3;16;24561916;1;35;31.822;True;False;False;True
35;4;16;24586271;0;1;8.547;False;False;False;True
42;2;15;20567928;6;7;7.186;False;False;False;False
15;5;25;42111203;0;0;5.363;False;False;False;True
45;5;14;19220047;3;1;6.749;False;False;False;True
12;3;28;49121863;1;12;31.98;True;False;False;True
56;5;13;15518154;7;56;6.133;False;False;True;True
63;2;12;13838736;3;63;3.48;False;False;True;True
35;5;16;24585050;4;35;30.941;True;False;False;True
55;3;13;15815007;1;25;8.207;False;False;False;False
64;2;12;13607080;7;9;5.539;False;False;False;False
9;2;33;58950772;4;9;4.076;False;False;True;True
11;4;30;52020522;3;3;5.172;False;False;False;True
40;2;15;21572700;4;40;3.565;False;False;True;True
10;2;31;55258121;3;10;4.129;False;False;True;True
13;5;27;46531526;2;0;5.703;False;False;False;True
64;2;12;13628103;12;64;31.464;True;True;True;True
48;2;14;18050051;9;48;3.865;False;False;True;True
22;3;21;38445715;6;22;4.275;False;False;True;True
41;3;15;21063078;6;41;4.133;False;False;True;True
36;3;16;23915278;9;36;4.457;False;False;True;True
7;4;37;68025274;2;7;5.087;False;False;True;True
27;5;19;31600870;0;27;31.476;True;False;False;True
22;5;21;38458573;5;0;7.768;False;False;False;False
23;2;20;36833909;8;23;38.132;True;False;False;True
23;2;20;36833909;8;23;38.132;True;False;False;True
52;2;13;16684674;5;52;3.491;False;False;True;True
58;2;13;14997146;11;58;3.146;False;False;True;True
57;2;13;15246793;7;48;9.269;False;False;False;False
51;5;14;17022678;4;51;2.912;False;False;True;True
12;2;28;49138170;4;0;5.164;False;False;True;False
45;4;14;19248142;0;45;5.8;False;False;False;True
59;3;13;14749332;6;59;5.717;False;False;True;True
12;3;28;49140763;3;0;9.465;False;False;False;False
11;3;30;52026773;0;11;4.473;False;False;True;True
26;5;19;32752048;7;16;5.346;False;False;True;False
46;4;14;18826797;0;46;7.064;False;False;False;True
60;3;12;14491819;11;60;6.061;False;False;True;True
16;3;25;52027957;0;0;9.086;False;False;False;False
6;3;40;73677819;2;3;4.867;False;False;True;False
51;5;14;17021072;0;46;7.743;False;False;False;False
49;2;14;17691720;6;0;8.921;False;False;False;False
7;5;37;68014924;3;3;7.724;False;False;False;True
40;5;15;21577649;8;40;8.602;False;False;True;True
28;3;18;30492213;6;28;6.165;False;False;True;True
28;2;18;30488593;0;28;31.639;True;False;False;True
8;2;35;63159189;1;0;9.734;False;False;False;False
16;2;25;52007122;4;16;5.196;False;False;True;True
37;4;16;23295799;7;37;6.744;False;False;True;True
52;2;13;16679791;5;52;3.898;False;False;True;True
6;5;40;73669435;2;6;7.201;False;False;True;True
6;5;40;73669435;2;6;7.201;False;False;True;True
21;4;21;40204599;7;0;8.086;False;False;True;False
22;3;21;38461130;0;22;8.601;False;False;False;True
42;4;15;20564272;8;42;6.44;False;True;True;True
24;4;20;35385376;2;2;8.118;False;False;False;False
28;3;18;30514872;7;28;5.48;False;False;True;True
53;2;13;16380176;0;32;7.632;False;False;False;False
13;4;27;46557639;4;0;5.2;False;False;True;False
13;4;27;46557639;4;0;5.2;False;False;True;False
64;2;12;13617803;2;64;7.302;False;False;True;True
60;2;12;14498906;7;0;11.315;False;False;False;False
27;3;19;31595968;4;27;5.634;False;False;True;True
51;4;14;17015577;8;51;7.388;False;False;True;True
43;2;15;20101993;0;0;31.988;True;False;False;True
45;3;14;19217715;4;45;5.727;False;False;True;True
45;2;14;19238164;8;45;4.27;False;False;True;True
50;2;14;17346441;7;50;4.332;False;False;True;True
47;3;14;18425835;5;47;5.79;False;False;True;True
33;2;17;26012484;5;33;4.653;False;False;True;True
13;5;27;46551975;2;1;9.052;False;False;False;True
8;2;35;63145244;2;8;7.303;False;False;True;True
22;2;21;38445239;6;22;5.783;False;False;True;True
19;2;22;44229967;6;19;5.932;False;False;True;True
25;4;20;34023393;3;25;9.048;False;True;True;True
46;5;14;18823900;8;46;8.843;False;False;True;True
48;3;14;18063156;11;48;7.501;False;False;True;True
59;5;13;14735945;9;1;8.198;False;False;False;True
35;2;16;24577710;5;35;4.089;False;False;True;True
49;2;14;17709549;12;49;4.753;False;False;True;True
46;4;14;18825078;6;46;7.306;False;False;True;True
31;2;17;27633526;9;31;4.961;False;False;True;True
37;4;16;23283689;3;37;6.845;False;False;True;True
41;4;15;21067258;7;41;7.299;False;False;True;True
61;5;12;14265525;7;61;8.311;False;False;True;True
50;4;14;17352559;6;50;7.51;False;False;True;True
23;2;20;36864555;6;23;50.152;True;False;False;True
60;2;12;14501509;5;60;4.379;False;False;True;True
47;4;14;18437239;8;47;9.077;False;False;True;True
64;4;12;13612580;9;64;9.293;False;False;True;True
10;4;31;55275046;3;10;10.301;False;False;True;True
25;3;20;34015191;0;0;23.572;False;False;False;True
36;5;16;23923579;0;0;34.107;True;False;False;True
59;5;13;14743115;0;0;42.659;True;False;False;True
36;5;16;23921310;0;36;30.013;True;False;False;True
17;3;24;49113880;0;17;30.012;True;False;False;True
40;4;15;21573560;0;40;30.012;True;False;False;True
17;4;24;49127676;0;17;30.012;True;False;False;True
16;2;25;52030903;4;16;3.931;False;False;True;True
52;5;13;16706303;5;0;6.179;False;False;False;True
46;4;14;18820207;6;46;5.405;False;False;True;True
42;5;15;20562839;3;42;6.386;False;False;True;True
60;4;12;14517310;3;60;5.361;False;False;True;True
33;5;17;26020950;5;33;8.13;False;False;True;True
33;2;17;26024939;5;33;3.119;False;False;True;True
56;4;13;15509679;5;56;5.816;False;False;True;True
54;4;13;16103688;3;54;36.716;True;True;True;True
21;4;21;40190176;4;21;37.259;True;False;False;True
54;5;13;16080483;8;1;6.618;False;False;False;True
11;3;30;52029168;2;11;4.679;False;False;True;True
7;2;37;68002369;0;0;7.857;False;False;False;True
27;3;19;31574686;4;27;4.914;False;False;True;True
38;4;16;22669458;6;38;6.091;False;False;True;True
50;4;14;17354034;10;50;6.157;False;False;True;True
4;3;50;88404863;2;4;4.537;False;False;True;True
43;5;15;20103541;7;43;6.592;False;False;True;True
10;3;31;55257195;3;10;5.332;False;False;True;True
54;2;13;16100705;4;54;3.22;False;False;True;True
12;5;28;49133144;2;2;7.435;False;False;False;True
30;4;18;28522181;1;1;4.963;False;False;False;True
15;5;25;42110511;0;0;5.154;False;False;False;True
9;4;33;58946117;3;3;6.628;False;False;False;True
34;3;17;25286770;8;34;4.165;False;False;True;True
31;2;17;27643248;2;2;4.505;False;False;False;True
48;5;14;18070934;0;0;5.147;False;False;False;True
35;2;16;24564711;7;35;2.908;False;False;True;True
12;5;28;49142275;4;0;5.751;False;False;False;True
30;3;18;28538052;5;3;3.844;False;False;False;True
55;2;13;15805179;11;55;3.214;False;False;True;True
35;5;16;24565302;0;0;5.152;False;False;False;True
23;2;20;36859175;5;23;2.817;False;False;True;True
8;2;35;63159811;3;8;3.412;False;False;True;True
53;3;13;16374065;3;2;4.036;False;False;False;True
60;4;12;14524042;0;0;4.149;False;False;False;True
34;5;17;25257767;0;0;5.359;False;False;False;True
30;5;18;28534279;0;0;5.137;False;False;False;True
16;5;25;52015253;4;4;7.054;False;False;False;True
28;3;18;30504618;4;28;3.911;False;False;True;True
34;5;17;25285087;0;0;5.309;False;False;False;True
45;2;14;19232093;3;45;3.011;False;False;True;True
36;5;16;23922289;0;0;5.156;False;False;False;True
8;5;35;63154987;1;0;5.589;False;False;False;True
61;3;12;14280723;10;0;3.923;False;False;False;True
23;5;20;36862147;0;0;5.609;False;False;False;True
44;5;15;19676034;0;0;5.158;False;False;False;True
52;2;13;16703971;10;52;2.969;False;False;True;True
5;5;44;80395020;3;5;6.051;False;False;True;True
43;5;15;20106208;0;0;5.151;False;False;False;True
36;4;16;23909406;3;2;5.051;False;False;False;True
55;2;13;15811915;2;55;31.386;True;False;False;True
57;3;13;15269803;9;1;3.965;False;False;False;True
45;2;14;19239205;7;45;2.913;False;False;True;True
22;2;21;38438094;6;22;2.852;False;False;True;True
5;4;44;80388668;1;5;4.984;False;False;True;True
6;4;40;73674063;2;6;5.137;False;False;True;True
39;2;16;22132068;9;39;3.083;False;False;True;True
45;5;14;19239895;0;0;5.149;False;False;False;True
7;2;37;68020887;4;7;4.019;False;False;True;True
31;3;17;27628689;4;9;4.096;False;False;True;True
33;4;17;26017140;5;33;4.753;False;False;True;True
15;3;25;42119362;3;3;4.974;False;False;False;True
49;5;14;17709063;0;0;5.15;False;False;False;True
55;2;13;15803054;8;55;2.985;False;False;True;True
62;3;12;14059226;6;0;3.65;False;False;False;True
53;4;13;16370741;0;0;4.148;False;False;False;True
53;2;13;16401187;6;53;3.151;False;False;True;True
38;4;16;22678384;5;1;4.938;False;False;False;True
50;5;14;17353528;0;0;5.154;False;False;False;True
35;3;16;24569539;7;35;3.982;False;False;True;True
38;2;16;22694124;5;38;2.835;False;False;True;True
12;5;28;49136553;2;1;5.733;False;False;False;True
12;5;28;49124420;3;0;5.544;False;False;False;True
6;2;40;73682655;1;6;4.017;False;False;True;True
61;2;12;14279597;5;61;31.558;True;True;True;True
18;5;23;46555082;3;18;5.988;False;False;True;True
11;3;30;52030189;2;2;6.218;False;False;False;True
27;2;19;31604122;2;27;2.982;False;False;True;True
37;2;16;23273260;4;37;2.764;False;False;True;True
13;3;27;46528221;4;13;4.068;False;False;True;True
6;2;40;73676399;3;6;3.899;False;False;True;True
33;5;17;26009177;0;0;5.156;False;False;False;True
60;3;12;14516416;6;0;3.648;False;False;False;True
17;3;24;49113648;4;17;3.895;False;False;True;True
5;4;44;80383996;1;5;5.4;False;False;True;True
22;2;21;38463120;4;22;2.847;False;False;True;True
56;2;13;15531664;5;56;3.074;False;False;True;True
16;4;25;52010118;1;1;6.555;False;False;False;True
23;4;20;36852450;3;10;5.154;False;False;True;True
42;3;15;20580126;8;42;3.838;False;False;True;True
32;4;17;26799954;5;0;4.662;False;False;False;True
62;2;12;14042470;10;62;3.021;False;False;True;True
20;2;22;42115008;4;20;3.038;False;False;True;True
64;5;12;13617970;0;0;5.159;False;False;False;True
33;2;17;26021388;4;33;31.404;True;False;True;True
10;2;31;55267565;6;10;3.791;False;False;True;True
22;4;21;38462047;3;22;4.966;False;False;True;True
16;3;25;52025487;2;16;5.358;False;False;True;True
20;3;22;42112681;4;20;4.274;False;False;True;True
17;3;24;49113862;6;17;4.228;False;False;True;True
58;2;13;14993965;9;58;3.056;False;False;True;True
7;4;37;68000506;4;7;5.227;False;False;True;True
58;3;13;14999266;9;1;3.927;False;False;False;True
62;2;12;14062059;8;62;3.057;False;False;True;True
9;5;33;58934183;2;2;6.309;False;False;False;True
59;3;13;14741282;12;0;3.842;False;False;False;True
5;2;44;80363720;0;0;7.522;False;False;False;True
57;3;13;15260458;9;0;4.03;False;False;False;True
52;4;13;16690314;0;0;4.154;False;False;False;True
35;4;16;24560202;2;1;4.905;False;False;False;True
53;2;13;16377384;9;53;3.112;False;False;True;True
11;5;30;52017775;3;0;5.726;False;False;False;True
56;4;13;15528933;0;0;4.15;False;False;False;True
16;4;25;52017393;3;16;4.914;False;False;True;True
35;4;16;24576538;3;35;4.723;False;False;True;True
33;5;17;26021008;0;0;5.26;False;False;False;True
39;2;16;22131546;5;39;3.206;False;False;True;True
30;4;18;28526593;0;0;4.233;False;False;False;True
51;3;14;17002696;9;2;3.985;False;False;False;True
31;5;17;27642542;0;0;5.153;False;False;False;True
48;4;14;18072208;0;0;4.114;False;False;False;True
33;5;17;26003437;0;0;5.285;False;False;False;True
49;3;14;17709162;9;0;3.858;False;False;False;True
61;3;12;14272697;10;0;3.782;False;False;False;True
37;3;16;23282687;6;37;3.991;False;False;True;True
62;4;12;14040166;0;0;4.154;False;False;False;True
44;2;15;19651822;11;44;3.433;False;True;True;True
57;2;13;15267853;4;57;3.121;False;False;True;True
59;5;13;14746981;0;0;5.151;False;False;False;True
52;3;13;16710321;14;2;4.258;False;False;False;True
52;5;13;16690434;0;0;5.156;False;False;False;True
60;5;12;14501856;0;0;5.158;False;False;False;True
4;3;50;88418863;2;4;4.273;False;False;True;True
42;4;15;20570959;0;0;4.189;False;False;False;True
35;2;16;24581181;8;35;2.979;False;False;True;True
5;5;44;80364996;4;5;6.498;False;False;True;True
7;5;37;68030036;3;4;6.656;False;False;True;True
57;3;13;15256662;8;0;3.814;False;False;False;True
37;3;16;23279509;8;37;4.23;False;False;True;True
50;5;14;17334329;0;0;5.149;False;False;False;True
44;2;15;19661617;11;44;3.203;False;False;True;True
56;4;13;15518195;0;0;4.166;False;False;False;True
60;3;12;14501076;9;0;3.881;False;False;False;True
38;5;16;22685539;0;0;5.156;False;False;False;True
53;4;13;16393332;0;0;4.154;False;False;False;True
25;5;20;34013581;0;0;5.157;False;False;False;True
19;5;22;44203761;9;10;6.366;False;False;True;True
10;5;31;55282600;4;2;5.85;False;False;False;True
36;2;16;23919212;9;36;3.025;False;False;True;True
61;3;12;14284037;11;0;3.899;False;False;False;True
51;2;14;17014293;10;51;3.168;False;False;True;True
34;3;17;25286295;6;6;5.027;False;False;False;True
28;5;18;30499373;0;0;5.148;False;False;False;True
27;2;19;31579860;4;27;3.031;False;False;True;True
16;5;25;52019353;2;16;6.073;False;False;True;True
18;5;23;46533831;4;18;6.06;False;False;True;True
5;4;44;80372019;2;5;5.148;False;False;True;True
9;2;33;58949377;4;9;3.967;False;False;True;True
16;5;25;52007746;4;16;6.157;False;False;True;True
58;5;13;15007361;0;0;5.147;False;False;False;True
42;5;15;20567788;0;0;5.153;False;False;False;True
28;5;18;30503283;0;0;5.149;False;False;False;True
52;5;13;16682344;0;0;5.145;False;False;False;True
50;4;14;17351142;0;0;4.1;False;False;False;True
36;3;16;23900062;6;36;3.983;False;False;True;True
10;5;31;55258344;3;3;6.379;False;False;False;True
52;4;13;16710855;0;0;4.154;False;False;False;True
57;4;13;15261354;0;0;4.148;False;False;False;True
46;2;14;18832132;12;46;3.553;False;False;True;True
45;5;14;19247051;0;0;5.153;False;False;False;True
31;3;17;27650842;4;2;3.936;False;False;False;True
15;5;25;42127106;0;0;5.108;False;False;False;True
18;5;23;46530491;1;1;6.443;False;False;False;True
17;3;24;49115806;3;17;4.457;False;False;True;True
29;5;18;29495427;0;0;5.151;False;False;False;True
33;3;17;26018151;6;33;31.417;True;True;True;True
11;2;30;52005826;3;11;3.584;False;False;True;True
14;4;26;44232440;5;5;5.157;False;False;False;True
23;5;20;36853865;0;0;5.417;False;False;False;True
14;5;26;44202752;3;2;6.073;False;False;False;True
17;5;24;49113493;5;6;6.31;False;False;True;True
42;5;15;20576654;0;0;5.288;False;False;False;True
61;4;12;14269168;0;0;4.149;False;False;False;True
36;3;16;23909291;3;3;5.179;False;False;False;True
62;2;12;14044788;9;62;2.999;False;False;True;True
47;2;14;18442694;8;47;3.053;False;False;True;True
25;5;20;34024888;0;0;5.16;False;False;False;True
59;5;13;14750639;0;0;5.153;False;False;False;True
42;4;15;20560276;6;0;4.626;False;False;False;True
49;4;14;17682417;0;0;4.154;False;False;False;True
64;5;12;13631021;0;0;5.156;False;False;False;True
57;4;13;15241449;0;0;4.152;False;False;False;True
15;3;25;42103440;2;7;30.381;True;False;False;True
50;4;14;17342268;0;0;4.306;False;False;False;True
56;2;13;15518262;11;56;3.082;False;False;True;True
44;2;15;19655658;6;44;3.005;False;False;True;True
31;3;17;27650660;5;12;4.102;False;False;True;True
53;3;13;16391105;9;0;3.898;False;False;False;True
9;5;33;58952765;2;9;5.85;False;False;True;True
53;3;13;16393274;5;0;3.703;False;False;False;True
49;5;14;17704995;0;0;5.155;False;False;False;True
9;5;33;58935092;2;2;6.139;False;False;False;True
43;2;15;20094739;7;17;4.209;False;False;True;True
48;2;14;18044155;10;48;3.08;False;False;True;True
9;4;33;58960131;3;9;6.216;False;False;True;True
23;3;20;36838929;2;23;3.855;False;False;True;True
60;3;12;14522077;7;0;3.739;False;False;False;True
11;4;30;52000887;5;11;4.825;False;False;True;True
26;5;19;32761924;0;0;5.15;False;False;False;True
62;5;12;14055393;0;0;5.149;False;False;False;True
23;5;20;36849337;0;0;5.147;False;False;False;True
19;4;22;44213550;1;1;5.752;False;False;False;True
45;2;14;19247166;6;45;2.934;False;False;True;True
49;3;14;17707435;3;2;4.065;False;False;False;True
17;5;24;49134211;3;17;5.974;False;False;True;True
39;3;16;22105698;8;39;4.088;False;False;True;True
38;2;16;22667612;7;38;2.908;False;False;True;True
51;2;14;17017231;4;51;2.879;False;False;True;True
58;2;13;15000282;9;58;3.011;False;False;True;True
41;3;15;21056575;4;41;3.874;False;False;True;True
23;4;20;36833361;9;23;4.979;False;False;True;True
10;5;31;55250017;3;0;5.697;False;False;False;True
44;4;15;19655026;0;0;4.374;False;False;False;True
14;4;26;44206871;2;1;5.079;False;False;False;True
13;3;27;46547500;4;4;30.319;True;True;False;True
62;3;12;14044508;8;0;3.865;False;False;False;True
6;5;40;73687729;1;1;6.491;False;False;False;True
36;3;16;23924316;4;36;4.114;False;False;True;True
11;2;30;52006082;3;11;3.246;False;False;True;True
22;4;21;38463373;1;2;30.345;True;False;False;True
6;2;40;73682367;4;6;3.718;False;False;True;True
44;5;15;19675060;0;0;5.16;False;False;False;True
27;5;19;31593357;0;0;5.154;False;False;False;True
44;4;15;19671474;0;0;4.284;False;False;False;True
23;2;20;36846323;6;23;2.737;False;False;True;True
30;5;18;28540345;0;0;5.151;False;False;False;True
45;5;14;19223318;0;0;5.147;False;False;False;True
6;5;40;73676532;5;6;6.182;False;False;True;True
9;5;33;58944197;3;9;6.219;False;True;True;True
32;2;17;26797265;5;5;4.867;False;False;False;True
49;2;14;17686096;9;49;3.111;False;False;True;True
41;5;15;21051718;0;0;5.151;False;False;False;True
42;3;15;20571747;1;1;4.449;False;False;False;True
61;3;12;14285870;0;0;3.451;False;False;False;True
4;2;50;88421113;3;4;3.54;False;False;True;True
15;3;25;42103662;8;15;3.99;False;False;True;True
19;2;22;44206989;6;19;3.244;False;False;True;True
24;5;20;35361638;3;0;5.547;False;False;False;True
9;2;33;58956456;1;9;30.383;True;False;False;True
42;5;15;20577699;0;0;5.147;False;False;False;True
62;2;12;14035315;9;62;3.0;False;False;True;True
20;5;22;42112711;4;3;6.195;False;False;True;True
51;2;14;17029684;5;51;2.929;False;False;True;True
38;4;16;22689061;3;1;4.936;False;False;False;True
48;2;14;18071946;5;48;3.125;False;False;True;True
5;3;44;80393604;4;5;4.641;False;False;True;True
18;3;23;46548928;2;18;3.904;False;False;True;True
61;5;12;14261990;0;0;5.154;False;False;False;True
6;3;40;73691083;3;6;4.642;False;False;True;True
54;4;13;16072977;0;0;4.15;False;False;False;True
63;5;12;13827369;0;0;5.153;False;False;False;True
36;5;16;23912863;0;0;5.087;False;False;False;True
63;4;12;13817379;0;0;4.149;False;False;False;True
20;3;22;42111704;5;20;4.226;False;False;True;True
24;4;20;35362710;5;2;5.093;False;False;False;True
36;2;16;23916608;3;36;2.923;False;False;True;True
50;5;14;17340244;0;0;5.156;False;False;False;True
34;2;17;25284993;8;34;3.038;False;False;True;True
50;5;14;17336912;0;0;5.155;False;False;False;True
42;3;15;20583267;9;11;4.25;False;False;True;True
11;2;30;52019143;5;11;3.669;False;False;True;True
23;3;20;36849978;1;2;30.353;True;False;False;True
46;2;14;18828656;8;46;2.934;False;False;True;True
18;4;23;46537548;11;18;5.312;False;True;True;True
7;5;37;68013110;2;7;6.018;False;False;True;True
8;3;35;63166043;2;2;6.427;False;False;False;True
29;2;18;29472244;6;29;2.833;False;False;True;True
42;5;15;20583816;0;0;5.153;False;False;False;True
4;5;50;88423221;2;2;6.579;False;False;False;True
59;2;13;14760622;8;59;3.134;False;False;True;True
20;3;22;42096676;7;20;4.16;False;False;True;True
28;4;18;30486757;0;0;4.369;False;False;False;True
8;5;35;63161374;3;3;6.329;False;False;False;True
28;5;18;30508665;0;0;5.159;False;False;False;True
35;4;16;24556609;3;35;4.947;False;False;True;True
17;3;24;49139511;1;17;30.48;True;False;False;True
38;3;16;22680194;3;3;4.564;False;False;False;True
24;2;20;35368026;5;24;2.754;False;False;True;True
56;4;13;15526266;0;0;4.157;False;False;False;True
12;2;28;49116598;3;12;3.437;False;False;True;True
36;2;16;23917138;6;36;2.893;False;False;True;True
26;3;19;32773371;7;26;4.124;False;False;True;True
29;5;18;29491745;0;0;5.153;False;False;False;True
44;3;15;19651729;9;6;4.078;False;False;True;True
13;5;27;46531663;0;0;5.161;False;False;False;True
27;2;19;31599290;8;27;2.926;False;False;True;True
16;4;25;52024125;8;16;5.346;False;False;True;True
18;4;23;46548375;6;18;4.972;False;False;True;True
32;2;17;26818488;7;32;3.474;False;True;True;True
25;4;20;34018131;5;2;5.131;False;False;False;True
54;4;13;16101912;0;0;4.147;False;False;False;True
26;2;19;32771450;3;26;3.112;False;False;True;True
19;4;22;44218491;2;19;30.363;True;False;False;True
36;4;16;23922428;6;36;4.929;False;False;True;True
7;5;37;68017370;4;2;5.937;False;False;False;True
31;3;17;27652672;7;31;3.912;False;False;True;True
7;3;37;68003783;2;7;5.144;False;False;True;True
15;3;25;42120102;4;15;4.044;False;False;True;True
40;4;15;21569346;9;0;4.654;False;False;False;True
49;4;14;17701355;0;0;4.159;False;False;False;True
27;2;19;31579898;4;27;3.096;False;False;True;True
30;5;18;28520066;0;0;5.159;False;False;False;True
56;2;13;15536350;11;56;3.059;False;False;True;True
16;2;25;52026933;5;16;2.76;False;False;True;True
35;4;16;24562655;7;5;5.008;False;False;True;True
38;5;16;22680654;0;0;5.166;False;False;False;True
50;3;14;17334981;7;1;4.022;False;False;False;True
4;2;50;88406247;2;4;3.661;False;False;True;True
58;3;13;14995713;8;0;3.824;False;False;False;True
40;5;15;21575749;0;0;5.149;False;False;False;True
16;4;25;52023115;3;3;5.397;False;False;False;True
42;2;15;20589522;6;42;31.319;True;False;False;True
39;5;16;22120095;0;0;5.163;False;False;False;True
13;5;27;46547548;0;0;5.088;False;False;False;True
12;3;28;49119065;7;12;3.903;False;False;True;True
5;5;44;80390340;3;5;5.946;False;False;True;True
42;2;15;20568209;6;42;3.043;False;False;True;True
61;4;12;14269481;0;0;4.15;False;False;False;True
12;2;28;49125044;3;12;3.268;False;False;True;True
53;4;13;16400838;0;0;4.149;False;False;False;True
55;4;13;15803504;0;0;4.152;False;False;False;True
35;4;16;24576572;6;35;5.16;False;False;True;True
19;2;22;44216830;4;19;3.15;False;False;True;True
62;5;12;14047720;0;0;5.153;False;False;False;True
38;3;16;22699136;3;38;31.396;True;False;False;True
51;4;14;17015324;0;0;4.173;False;False;False;True
28;5;18;30499705;0;0;5.155;False;False;False;True
62;2;12;14035661;3;13;31.343;True;False;False;True
47;4;14;18427574;0;0;4.149;False;False;False;True
21;5;21;40207448;6;0;5.621;False;False;False;True
6;3;40;73670695;0;0;6.973;False;False;False;True
62;3;12;14056751;12;0;3.943;False;False;False;True
19;5;22;44225462;4;19;6.578;False;True;True;True
17;2;24;49139130;2;17;3.167;False;False;True;True
40;3;15;21574516;10;40;4.173;False;False;True;True
24;3;20;35375909;3;24;30.466;True;False;False;True
61;5;12;14290344;0;0;5.153;False;False;False;True
61;4;12;14283469;0;0;4.157;False;False;False;True
27;5;19;31584211;0;0;5.148;False;False;False;True
58;4;13;14997914;0;0;4.156;False;False;False;True
5;2;44;80382043;4;5;2.951;False;False;True;True
47;4;14;18433001;0;0;4.148;False;False;False;True
31;5;17;27640203;0;0;5.168;False;False;False;True
34;5;17;25284189;0;0;5.231;False;False;False;True
46;2;14;18829359;10;46;2.9;False;False;True;True
40;3;15;21578343;9;8;4.034;False;False;True;True
52;4;13;16704088;0;0;4.157;False;False;False;True
22;5;21;38453577;11;0;5.813;False;False;False;True
41;3;15;21052050;9;1;4.005;False;False;False;True
64;2;12;13602954;10;61;3.696;False;True;True;True
18;2;23;46556646;5;18;3.041;False;False;True;True
59;5;13;14756701;0;0;5.159;False;False;False;True
29;3;18;29489689;6;29;3.846;False;False;True;True
16;5;25;52013549;6;16;6.169;False;False;True;True
45;5;14;19243074;0;0;5.149;False;False;False;True
9;5;33;58963825;4;4;6.33;False;False;True;True
58;3;13;14992782;0;0;3.36;False;False;False;True
48;3;14;18065183;8;1;4.001;False;False;False;True
59;4;13;14742055;0;0;4.169;False;False;False;True
49;2;14;17712741;6;49;2.863;False;False;True;True
35;4;16;24568786;6;1;4.848;False;False;False;True
10;4;31;55267728;1;1;30.265;True;True;False;True
41;2;15;21076476;5;41;31.215;True;False;False;True
22;3;21;38459940;2;2;5.222;False;False;False;True
60;2;12;14493075;8;60;2.869;False;False;True;True
36;2;16;23921321;2;36;2.754;False;False;True;True
41;5;15;21054864;0;0;5.173;False;False;False;True
32;3;17;26808888;5;32;31.189;True;False;True;True
34;2;17;25287379;3;34;2.879;False;False;True;True
26;4;19;32766730;6;1;4.822;False;False;False;True
5;2;44;80394645;2;5;3.953;False;False;True;True
15;3;25;42096777;1;2;30.242;True;False;False;True
7;3;37;68000186;5;7;4.055;False;False;True;True
47;3;14;18419887;5;2;3.841;False;False;False;True
15;3;25;42108446;6;15;4.026;False;False;True;True
38;5;16;22684067;0;0;5.154;False;False;False;True
32;2;17;26790107;3;32;31.197;True;True;True;True
10;2;31;55258036;2;10;3.282;False;False;True;True
7;2;37;68002555;3;7;3.847;False;False;True;True
24;3;20;35380852;7;24;3.859;False;False;True;True
18;4;23;46548179;4;18;5.827;False;True;True;True
28;4;18;30509437;10;0;4.653;False;False;False;True
44;2;15;19665177;4;44;2.783;False;False;True;True
57;5;13;15250581;0;0;5.156;False;False;False;True
16;4;25;52029886;3;16;5.089;False;False;True;True
18;2;23;46535426;6;18;2.997;False;False;True;True
41;4;15;21058362;3;0;4.52;False;False;False;True
45;5;14;19236761;0;0;5.16;False;False;False;True
35;3;16;24568495;5;35;4.594;False;False;True;True
48;3;14;18060915;11;5;4.059;False;False;True;True
23;4;20;36834287;5;5;6.587;False;False;False;True
54;5;13;16098645;0;0;5.149;False;False;False;True
24;4;20;35386619;5;2;4.886;False;False;False;True
30;3;18;28517724;6;30;3.695;False;False;True;True
52;4;13;16697994;0;0;4.156;False;False;False;True
22;2;21;38460806;9;22;3.288;False;False;True;True
61;2;12;14259396;10;61;3.115;False;False;True;True
51;4;14;17017817;0;0;4.156;False;False;False;True
62;2;12;14039120;9;62;3.16;False;False;True;True
62;3;12;14057426;0;0;3.401;False;False;False;True
61;2;12;14284351;8;61;3.123;False;False;True;True
23;2;20;36865483;5;23;2.67;False;False;True;True
57;2;13;15250356;8;57;3.053;False;False;True;True
48;3;14;18066692;9;2;3.975;False;False;False;True
6;5;40;73668665;5;5;6.193;False;False;False;True
24;3;20;35381159;2;2;5.246;False;False;False;True
48;3;14;18064685;9;1;3.963;False;False;False;True
46;2;14;18830813;2;46;3.561;False;True;True;True
4;5;50;88401194;1;1;5.846;False;False;False;True
60;2;12;14498039;11;60;3.103;False;False;True;True
29;5;18;29494984;0;0;5.158;False;False;False;True
15;2;25;42116380;6;15;2.614;False;False;True;True
58;5;13;14984642;0;0;5.152;False;False;False;True
19;4;22;44226932;6;19;4.859;False;False;True;True
41;5;15;21057602;0;0;5.152;False;False;False;True
11;5;30;52010826;5;5;6.14;False;False;False;True
64;3;12;13617193;6;0;3.628;False;False;False;True
8;4;35;63154309;3;8;5.299;False;False;True;True
10;4;31;55265673;4;10;4.837;False;False;True;True
50;3;14;17365768;7;1;3.852;False;False;False;True
13;2;27;46537815;5;13;2.911;False;False;True;True
4;4;50;88424381;1;1;30.275;True;True;False;True
29;2;18;29467345;5;29;3.074;False;False;True;True
27;4;19;31577192;0;0;4.304;False;False;False;True
37;2;16;23274191;4;37;31.208;True;False;True;True
55;2;13;15793283;7;55;2.947;False;False;True;True
31;2;17;27639056;3;31;2.729;False;False;True;True
18;2;23;46530521;1;18;3.169;False;False;True;True
33;3;17;26007694;6;33;4.27;False;False;True;True
43;4;15;20110777;0;0;4.275;False;False;False;True
5;4;44;80368771;1;5;5.254;False;False;True;True
58;3;13;14989520;10;0;3.698;False;False;False;True
25;5;20;34023985;0;0;5.192;False;False;False;True
38;3;16;22678747;7;38;3.89;False;False;True;True
21;2;21;40194603;5;21;2.882;False;False;True;True
48;4;14;18041094;0;0;4.125;False;False;False;True
15;4;25;42108166;4;15;4.696;False;False;True;True
22;4;21;38457897;6;22;4.869;False;False;True;True
5;5;44;80395044;3;5;5.884;False;False;True;True
21;2;21;40195944;3;21;2.667;False;False;True;True
40;3;15;21563290;9;16;3.933;False;False;True;True
28;4;18;30483126;8;0;4.65;False;False;False;True
51;2;14;17011786;9;51;3.097;False;False;True;True
10;3;31;55254433;2;10;3.801;False;False;True;True
14;2;26;44231804;4;14;2.892;False;False;True;True
14;4;26;44211286;1;1;5.242;False;False;False;True
12;3;28;49130020;5;12;4.193;False;False;True;True
20;4;22;42101362;4;20;4.985;False;False;True;True
60;4;12;14519594;0;0;4.151;False;False;False;True
13;4;27;46530128;3;5;5.09;False;False;True;True
26;3;19;32740951;3;3;4.746;False;False;False;True
45;3;14;19226457;7;1;3.944;False;False;False;True
38;5;16;22692760;0;0;5.15;False;False;False;True
10;3;31;55266036;0;0;6.593;False;False;False;True
36;5;16;23915188;0;0;5.167;False;False;False;True
29;4;18;29468711;2;0;4.373;False;False;False;True
12;5;28;49133021;4;0;5.457;False;False;False;True
41;2;15;21075377;5;41;3.019;False;False;True;True
7;5;37;68032403;1;1;6.198;False;False;False;True
43;2;15;20123198;6;43;31.219;True;False;False;True
63;5;12;13820324;0;0;5.154;False;False;False;True
49;5;14;17687661;0;0;5.153;False;False;False;True
62;4;12;14042521;0;0;4.158;False;False;False;True
18;5;23;46535166;1;5;6.193;False;False;True;True
11;3;30;52005545;2;11;30.298;True;False;False;True
49;4;14;17706441;0;0;4.16;False;False;False;True
47;4;14;18438441;0;0;4.153;False;False;False;True
39;3;16;22122876;3;3;4.529;False;False;False;True
56;2;13;15511404;6;56;3.11;False;False;True;True
58;3;13;14993486;10;0;3.753;False;False;False;True
13;3;27;46529772;5;13;4.078;False;False;True;True
48;3;14;18053528;7;0;3.878;False;False;False;True
44;5;15;19673502;0;0;5.154;False;False;False;True
46;2;14;18831763;4;46;2.848;False;False;True;True
61;4;12;14262526;0;0;4.158;False;False;False;True
14;4;26;44228159;4;3;5.033;False;False;False;True
53;5;13;16396360;0;0;5.147;False;False;False;True
18;4;23;46557945;2;2;30.245;True;True;False;True
32;4;17;26803641;0;0;4.309;False;False;False;True
25;3;20;34030068;3;3;4.688;False;False;False;True
33;2;17;26030584;3;33;2.789;False;False;True;True
6;4;40;73673713;2;3;30.304;True;False;False;True
36;4;16;23920414;7;0;4.573;False;False;False;True
10;5;31;55253341;4;4;5.94;False;False;False;True
19;4;22;44202796;3;19;30.275;True;False;False;True
51;4;14;17014743;0;0;4.165;False;False;False;True
26;2;19;32748148;6;26;2.958;False;False;True;True
61;3;12;14258760;0;0;3.39;False;False;False;True
17;4;24;49136347;5;17;6.071;False;False;True;True
54;3;13;16094735;2;0;3.735;False;False;False;True
26;4;19;32745181;7;2;4.904;False;False;False;True
31;3;17;27637916;6;2;3.882;False;False;False;True
21;5;21;40199314;4;0;5.582;False;False;False;True
24;3;20;35374187;5;24;4.107;False;False;True;True
9;4;33;58961942;3;9;5.791;False;False;True;True
61;4;12;14275799;0;0;4.164;False;False;False;True
36;5;16;23892733;0;0;5.301;False;False;False;True
31;3;17;27641397;4;2;3.872;False;False;False;True
27;3;19;31602287;5;5;5.328;False;False;False;True
49;3;14;17703663;6;1;3.867;False;False;False;True
39;5;16;22117513;0;0;5.154;False;False;False;True
56;3;13;15518774;10;0;3.823;False;False;False;True
46;2;14;18826369;9;46;2.907;False;False;True;True
16;5;25;52016082;2;2;6.735;False;False;False;True
16;2;25;52010878;3;16;3.025;False;False;True;True
19;2;22;44223854;3;19;2.998;False;False;True;True
59;5;13;14733960;0;0;5.152;False;False;False;True
7;4;37;68011433;1;2;30.279;True;False;False;True
51;4;14;17018649;0;0;4.152;False;False;False;True
6;2;40;73685233;4;6;3.525;False;False;True;True
7;4;37;68029631;1;1;6.146;False;False;False;True
44;4;15;19645016;0;0;4.182;False;False;False;True
33;2;17;26027297;5;33;31.193;True;False;True;True
47;3;14;18433235;7;0;3.879;False;False;False;True
59;3;13;14750073;8;0;3.8;False;False;False;True
37;3;16;23263883;9;37;4.199;False;False;True;True
26;3;19;32746131;3;26;3.808;False;False;True;True
10;3;31;55278716;3;10;4.011;False;False;True;True
36;4;16;23921360;12;1;5.025;False;False;False;True
16;5;25;52011119;5;16;6.208;False;False;True;True
15;3;25;42120447;4;15;4.056;False;False;True;True
32;5;17;26804848;0;0;5.147;False;False;False;True
51;3;14;17026983;7;1;4.037;False;False;False;True
45;3;14;19245441;4;13;3.948;False;False;True;True
59;4;13;14763473;0;0;4.16;False;False;False;True
59;4;13;14743919;0;0;4.156;False;False;False;True
45;2;14;19227762;5;45;2.801;False;False;True;True
34;3;17;25269621;4;34;31.206;True;False;True;True
23;2;20;36838789;3;23;3.079;False;False;True;True
15;5;25;42103690;3;0;5.489;False;False;True;False
51;3;14;17010591;3;0;3.874;False;False;False;True
33;2;17;26011106;6;33;3.217;False;False;True;True
11;2;30;52003043;2;11;3.459;False;False;True;True
49;2;14;17699657;8;49;3.237;False;False;True;True
48;5;14;18072595;0;0;5.164;False;False;False;True
35;2;16;24567857;4;35;3.037;False;False;True;True
35;4;16;24572078;5;1;4.873;False;False;False;True
54;5;13;16080853;0;54;30.439;True;False;False;True
24;3;20;35360401;7;0;5.642;False;False;True;False
52;5;13;16686678;0;52;4.069;False;False;False;True
47;2;14;18426280;5;47;3.563;False;False;True;True
34;5;17;25280963;3;0;5.623;False;False;False;True
62;3;12;14041151;9;62;4.214;False;False;True;True
6;2;40;73673592;3;6;4.33;False;False;True;True
35;3;16;24562640;3;35;4.165;False;False;True;True
26;3;19;32757488;4;26;3.982;False;False;True;True
60;2;12;14516458;7;60;3.012;False;False;True;True
10;4;31;55272018;5;10;5.037;False;False;True;True
11;3;30;52011512;2;11;31.262;True;False;True;True
30;3;18;28518131;4;10;6.202;False;False;True;False
4;4;50;88405360;0;3;6.76;False;False;False;False
26;5;19;32771899;16;26;5.474;False;False;True;True
38;3;16;22688723;0;37;6.403;False;False;False;False
14;4;26;44218563;7;0;5.036;False;False;True;False
34;2;17;25263834;2;34;4.757;False;False;False;True
18;2;23;46557818;6;18;3.015;False;False;True;True
39;2;16;22121326;5;5;6.081;False;False;True;False
26;4;19;32758896;2;26;2.96;False;False;False;True
42;2;15;20588094;4;42;3.465;False;False;True;True
11;3;30;52009444;0;0;5.71;False;False;False;False
15;4;25;42096513;4;4;7.439;False;False;False;False
55;2;13;15817097;4;55;3.148;False;True;True;True
36;4;16;23905792;8;7;4.953;False;False;True;True
48;4;14;18049961;3;0;4.434;False;False;False;True
52;2;13;16711855;7;52;3.01;False;False;True;True
53;2;13;16371851;5;53;3.129;False;False;True;True
13;5;27;46542342;4;0;5.523;False;False;False;True
4;4;50;88415888;0;4;30.293;True;False;False;True
41;5;15;21071119;17;0;5.153;False;False;False;True
51;5;14;17032237;0;47;6.656;False;False;False;False
47;2;14;18446418;8;0;5.909;False;False;False;False
48;3;14;18063758;9;48;4.247;False;False;True;True
56;5;13;15511547;7;0;6.083;False;False;False;True
17;2;24;49117359;5;17;3.323;False;False;True;True
8;3;35;63172863;4;8;4.243;False;False;True;True
35;2;16;24567740;10;35;3.233;False;False;True;True
26;2;19;32758084;1;3;31.244;True;False;False;True
28;4;18;30484322;2;0;4.474;False;False;False;True
10;4;31;55278687;4;4;30.276;True;True;False;True
22;3;21;38454920;6;22;3.873;False;False;True;True
15;5;25;42121678;6;11;30.289;True;False;True;True
19;3;22;44215959;0;15;6.214;False;False;False;False
13;5;27;46532731;8;0;5.654;False;False;True;False
13;5;27;46532731;8;0;5.654;False;False;True;False
19;3;22;44212669;5;0;5.493;False;False;True;False
52;5;13;16695579;2;0;5.365;False;False;True;True
31;3;17;27630777;9;1;3.983;False;False;False;True
58;2;13;14998974;7;58;3.109;False;False;True;True
17;3;24;49127183;4;4;6.923;False;False;False;True
50;3;14;17360828;10;1;4.032;False;False;False;True
31;2;17;27651789;0;31;30.375;True;False;False;True
29;3;18;29498140;2;0;4.716;False;False;False;False
12;3;28;49119324;3;12;3.922;False;False;True;True
28;3;18;30493749;7;28;4.119;False;False;True;True
38;2;16;22679841;11;38;3.308;False;False;True;True
9;4;33;58939881;5;9;4.803;False;False;True;True
33;4;17;26031883;10;33;30.305;True;True;True;True
45;4;14;19246874;2;0;4.352;False;False;False;True
6;4;40;73670150;0;6;14.702;False;False;False;True
45;2;14;19240982;7;45;2.995;False;False;True;True
45;5;14;19241891;15;39;6.886;False;False;False;False
24;3;20;35375808;5;24;3.545;False;False;True;True
4;2;50;88427864;2;4;3.637;False;False;True;True
15;2;25;42125480;5;15;2.808;False;False;True;True
7;5;37;68014880;2;2;6.11;False;False;False;True
4;4;50;88417606;3;4;5.356;False;False;True;True
11;5;30;52024789;2;2;31.251;True;False;False;True
11;5;30;52024789;2;2;5.763;False;False;False;True
53;3;13;16377792;7;53;3.145;False;False;True;True
21;5;21;40185938;2;0;5.29;False;False;False;False
48;3;14;18069323;11;31;4.248;False;False;True;False
7;5;37;68018482;0;6;6.769;False;False;False;False
46;2;14;18820504;11;46;3.211;False;False;True;True
9;4;33;58942785;2;2;6.323;False;False;False;False
5;3;44;80391913;2;5;4.375;False;False;True;True
15;4;25;42106912;9;15;4.16;False;False;True;True
55;5;13;15789992;17;55;5.207;False;False;True;True
14;4;26;44214196;1;14;5.277;False;False;False;True
32;2;17;26795533;10;21;2.77;False;False;True;False
10;3;31;55280865;5;10;3.747;False;False;True;True
9;5;33;58937293;4;4;6.142;False;False;False;True
15;2;25;42122426;2;15;2.628;False;False;True;True
25;4;20;34005120;7;0;4.926;False;False;False;True
62;5;12;14049105;3;0;5.462;False;False;True;True
15;4;25;42118193;0;15;30.299;True;False;False;True
5;4;44;80386891;2;0;5.343;False;False;False;False
23;5;20;36841793;2;23;4.874;False;False;True;True
64;4;12;13630343;11;41;6.567;False;True;True;False
63;5;12;13829157;5;63;5.911;False;False;True;True
32;2;17;26819476;8;32;3.263;False;False;True;True
62;2;12;14034466;9;0;6.442;False;False;False;False
44;4;15;19674867;12;44;32.295;True;False;True;True
30;4;18;28516929;0;30;31.263;True;False;False;True
16;5;25;52008176;0;0;4.812;False;False;False;False
49;5;14;17703560;13;33;7.485;False;False;True;False
46;3;14;18840468;6;46;5.977;False;False;False;True
50;3;14;17353807;7;50;31.25;True;False;False;True
16;3;25;52001462;0;16;30.326;True;False;False;True
26;4;19;32757325;6;10;6.159;False;False;False;False
40;3;15;21586638;2;40;3.866;False;False;True;True
60;3;12;14517060;9;44;4.235;False;False;True;True
63;3;12;13837874;7;63;4.26;False;False;True;True
50;3;14;17356522;7;0;4.068;False;False;False;True
27;3;19;31579939;4;27;4.447;False;True;True;True
30;3;18;28524457;4;29;30.417;True;False;True;True
37;5;16;23264474;3;28;4.157;False;False;False;False
19;5;22;44212991;3;0;5.529;False;False;False;False
58;4;13;15008132;4;58;5.491;False;False;True;True
56;3;13;15511700;8;29;4.792;False;False;True;False
13;3;27;46551403;0;11;5.734;False;False;False;False
12;3;28;49137016;5;12;3.521;False;False;True;True
25;5;20;34017310;0;12;5.537;False;False;False;False
42;5;15;20579519;6;17;6.373;False;False;True;False
17;5;24;49135374;0;17;5.166;False;False;False;True
14;5;26;44225854;7;0;5.666;False;False;True;True
14;5;26;44225854;7;0;5.666;False;False;True;True
17;4;24;49116516;5;17;3.255;False;False;True;True
43;2;15;20122087;7;26;6.896;False;False;False;False
33;5;17;26027151;0;0;5.193;False;False;False;True
35;5;16;24569680;7;0;5.671;False;False;False;True
63;5;12;13818009;6;0;31.228;True;False;False;True
6;3;40;73694180;3;6;3.942;False;False;True;True
52;2;13;16701678;12;52;3.121;False;False;True;True
59;4;13;14765332;0;0;4.163;False;False;False;True
64;2;12;13631108;5;64;31.367;True;True;True;True
48;5;14;18064832;4;48;6.148;False;False;True;True
23;2;20;36844883;5;23;2.966;False;False;True;True
11;2;30;52029846;5;11;3.389;False;False;True;True
11;3;30;52027931;4;11;3.847;False;False;True;True
53;2;13;16387822;2;53;3.01;False;False;True;True
60;3;12;14492651;10;60;4.405;False;False;True;True
37;3;16;23265201;4;37;31.417;True;False;True;True
40;3;15;21569446;1;40;3.918;False;False;False;True
12;4;28;49112129;2;0;4.156;False;False;True;False
12;4;28;49112129;2;0;4.156;False;False;True;False
14;3;26;44232698;4;0;5.161;False;True;True;False
40;3;15;21588247;6;40;3.97;False;False;True;True
59;5;13;14756404;0;0;5.157;False;False;False;True
8;3;35;63171079;1;1;30.301;True;True;False;True
64;2;12;13621289;9;64;30.308;True;True;True;True
50;5;14;17366016;5;0;5.867;False;False;False;True
44;3;15;19650642;10;44;4.245;False;False;True;True
15;3;25;42113259;8;6;4.261;False;False;True;True
52;4;13;16693743;0;52;31.373;True;False;False;True
16;4;25;52030303;2;0;4.49;False;False;False;False
48;4;14;18069606;20;48;5.322;False;False;True;True
27;5;19;31588298;3;27;4.797;False;False;False;True
17;5;24;49136909;3;17;5.528;False;False;True;True
6;3;40;73668507;3;5;3.493;False;True;True;False
63;5;12;13826573;1;0;5.245;False;False;False;True
54;2;13;16096732;10;54;3.006;False;False;True;True
20;5;22;42127914;5;2;6.025;False;False;False;True
47;5;14;18431269;2;0;5.345;False;False;False;True
39;3;16;22113704;0;39;27.606;False;False;False;True
21;2;21;40186613;4;21;3.221;False;False;True;True
11;3;30;52027918;0;0;4.952;False;False;False;False
43;4;15;20113249;12;43;4.261;False;False;True;True
26;5;19;32741230;0;16;7.591;False;False;False;False
13;2;27;46543654;3;1;3.043;False;False;True;False
39;5;16;22128950;0;39;5.278;False;False;False;True
11;2;30;52005818;10;11;3.688;False;False;True;True
23;4;20;36859105;4;0;5.631;False;False;False;False
18;4;23;46542838;3;18;4.375;False;False;True;True
12;4;28;49120057;2;2;5.323;False;False;False;True
25;5;20;34020255;0;0;5.272;False;False;False;True
19;2;22;44227603;9;19;3.001;False;False;True;True
34;5;17;25263561;0;0;5.242;False;False;False;True
4;3;50;88426158;1;4;30.278;True;False;False;True
64;5;12;13612255;0;61;6.621;False;False;False;False
53;5;13;16373715;8;0;6.195;False;False;True;False
24;5;20;35389031;7;24;5.833;False;False;True;True
35;5;16;24557361;6;35;30.319;True;False;False;True
6;2;40;73697343;2;6;31.24;True;False;False;True
47;5;14;18446640;0;0;5.163;False;False;False;True
59;3;13;14756054;7;0;3.742;False;False;False;True
23;3;20;36863329;3;3;5.181;False;False;False;True
26;3;19;32771113;3;26;30.353;True;False;False;True
36;5;16;23898673;7;0;19.342;False;False;True;True
56;3;13;15509482;0;56;5.723;False;False;False;True
54;2;13;16094241;10;54;3.853;False;False;True;True
9;5;33;58963722;2;0;5.621;False;False;False;False
20;4;22;42113263;10;20;4.38;False;False;True;True
33;4;17;26020273;0;24;7.33;False;False;False;False
43;3;15;20106917;11;43;4.171;False;False;True;True
19;2;22;44228284;0;0;6.098;False;False;False;False
61;5;12;14265143;9;42;6.587;False;False;False;False
63;4;12;13825911;8;63;5.094;False;False;True;True
50;2;14;17355447;4;50;3.491;False;False;True;True
41;2;15;21058526;1;41;31.314;True;False;False;True
11;2;30;52022528;5;11;3.199;False;False;True;True
30;3;18;28520061;2;2;5.554;False;False;False;True
60;4;12;14509762;6;60;5.253;False;False;True;True
40;5;15;21588584;0;40;31.271;True;False;False;True
26;4;19;32756589;4;0;5.486;False;False;True;False
10;2;31;55275638;0;10;5.32;False;False;True;True
7;2;37;68025188;2;7;4.463;False;False;True;True
62;4;12;14060569;0;52;6.675;False;False;False;False
42;4;15;20560185;8;0;5.539;False;False;True;False
27;5;19;31596369;0;27;4.164;False;False;False;True
24;4;20;35382291;0;23;5.316;False;False;False;False
38;2;16;22668446;9;38;3.293;False;False;True;True
5;4;44;80363975;3;1;4.954;False;True;True;False
42;2;15;20562906;7;42;3.045;False;False;True;True
36;4;16;23921657;7;11;4.941;False;False;True;True
18;3;23;46548436;2;18;3.868;False;False;True;True
38;2;16;22686124;2;38;30.273;True;False;False;True
52;2;13;16680927;8;52;31.302;True;False;False;True
48;4;14;18060642;11;48;5.739;False;False;True;True
29;3;18;29497384;3;29;31.314;True;False;False;True
8;3;35;63165968;5;8;3.979;False;False;True;True
8;4;35;63143611;4;8;4.588;False;False;True;True
18;5;23;46541459;0;15;5.547;False;False;False;False
23;2;20;36844016;7;23;3.016;False;False;True;True
43;2;15;20114325;13;43;2.7;False;False;True;True
6;4;40;73670438;0;0;7.319;False;False;False;False
22;2;21;38450862;5;22;2.855;False;False;True;True
7;4;37;68014937;3;7;4.894;False;False;True;True
9;4;33;58954648;3;9;4.476;False;False;True;True
10;2;31;55269216;0;6;6.181;False;False;False;False
50;4;14;17365740;12;50;4.269;False;False;True;True
56;3;13;15526546;0;47;7.161;False;False;False;False
10;5;31;55259365;3;0;4.415;False;False;False;False
9;4;33;58942339;2;9;4.252;False;False;True;True
40;3;15;21584792;9;40;3.969;False;False;True;True
16;3;25;52003943;2;6;30.32;True;True;False;True
33;5;17;26024233;0;0;5.141;False;False;False;True
51;4;14;17007275;0;0;4.121;False;False;False;True
30;3;18;28528309;0;30;30.377;True;False;False;True
33;2;17;26022004;4;18;2.874;False;False;True;False
32;5;17;26809485;0;24;4.728;False;False;False;False
60;2;12;14501381;6;28;5.855;False;False;True;False
39;2;16;22110741;0;39;5.602;False;False;False;True
12;3;28;49111569;4;0;30.29;True;False;False;False
20;3;22;42101318;10;20;3.974;False;False;True;True
63;5;12;13838472;0;0;5.157;False;False;False;True
46;2;14;18811799;9;46;2.937;False;False;True;True
8;3;35;63160961;1;1;30.263;True;True;False;True
53;3;13;16383310;2;0;3.72;False;False;False;True
36;2;16;23921836;9;36;2.965;False;False;True;True
24;4;20;35389833;6;8;4.915;False;False;True;True
27;4;19;31594725;6;0;4.711;False;False;False;True
43;2;15;20095979;3;43;2.77;False;False;True;True
51;4;14;17017746;0;0;4.165;False;False;False;True
57;2;13;15244297;8;57;3.054;False;False;True;True
33;3;17;26012166;8;33;31.2;True;True;True;True
53;5;13;16387217;0;0;5.149;False;False;False;True
61;3;12;14268761;8;0;3.616;False;False;False;True
62;4;12;14054661;0;0;4.178;False;False;False;True
50;4;14;17360550;0;0;4.158;False;False;False;True
64;3;12;13617912;11;0;3.818;False;False;False;True
6;5;40;73681288;2;2;7.362;False;False;False;True
55;3;13;15802606;9;1;4.009;False;False;False;True
28;3;18;30509107;7;28;3.897;False;False;True;True
57;4;13;15244339;0;0;4.156;False;False;False;True
42;3;15;20576324;2;2;4.5;False;False;False;True
36;4;16;23901585;6;1;4.888;False;False;False;True
6;2;40;73677131;1;6;4.794;False;False;True;True
36;5;16;23907090;0;0;5.159;False;False;False;True
60;5;12;14493560;0;0;5.161;False;False;False;True
34;4;17;25272996;5;34;4.747;False;False;True;True
64;5;12;13621007;0;0;5.16;False;False;False;True
45;4;14;19218306;0;0;4.168;False;False;False;True
19;4;22;44228045;4;4;6.553;False;False;False;True
52;2;13;16688664;7;52;3.143;False;False;True;True
63;3;12;13835248;12;0;3.828;False;False;False;True
22;5;21;38466277;0;0;5.098;False;False;False;True
21;4;21;40193882;5;21;4.913;False;False;True;True
35;3;16;24573263;4;35;31.2;True;True;False;True
12;5;28;49112399;2;0;5.595;False;False;False;True
12;2;28;49123624;7;12;3.184;False;False;True;True
31;2;17;27626012;7;31;2.796;False;False;True;True
4;2;50;88420404;4;4;2.804;False;False;False;True
26;4;19;32764875;2;0;4.772;False;False;False;True
8;3;35;63154531;3;8;3.93;False;False;True;True
50;5;14;17333861;0;0;5.158;False;False;False;True
14;5;26;44202143;0;0;5.169;False;False;False;True
63;4;12;13834034;0;0;4.153;False;False;False;True
37;5;16;23279630;0;0;5.16;False;False;False;True
41;3;15;21076374;9;41;3.954;False;False;True;True
47;5;14;18443577;0;0;5.16;False;False;False;True
38;3;16;22698151;5;38;3.864;False;False;True;True
25;3;20;34030016;6;25;4.1;False;False;True;True
42;4;15;20579970;9;0;4.689;False;False;False;True
8;2;35;63156237;3;8;3.248;False;False;True;True
32;3;17;26794248;5;32;4.399;False;True;True;True
51;4;14;17010132;0;0;4.161;False;False;False;True
30;5;18;28523568;0;0;5.163;False;False;False;True
55;2;13;15812856;4;55;3.083;False;False;True;True
55;5;13;15792268;0;0;5.162;False;False;False;True
61;5;12;14270831;0;0;5.174;False;False;False;True
48;2;14;18048461;6;48;2.898;False;False;True;True
47;5;14;18422284;0;0;5.16;False;False;False;True
32;4;17;26792872;0;0;4.228;False;False;False;True
63;3;12;13816897;6;0;3.612;False;False;False;True
19;4;22;44205634;3;19;4.9;False;False;True;True
47;4;14;18441380;0;0;4.203;False;False;False;True
39;5;16;22104965;0;0;5.162;False;False;False;True
27;5;19;31582541;0;0;5.159;False;False;False;True
49;3;14;17693900;6;3;3.927;False;False;False;True
54;2;13;16085139;12;54;3.424;False;False;True;True
34;2;17;25274490;13;34;2.994;False;False;True;True
31;2;17;27644764;8;31;2.798;False;False;True;True
40;3;15;21569398;5;40;4.043;False;False;True;True
57;5;13;15263871;0;0;5.167;False;False;False;True
24;4;20;35391751;3;1;4.895;False;False;False;True
17;3;24;49131536;4;17;4.199;False;False;True;True
18;5;23;46531695;3;18;5.872;False;False;True;True
20;4;22;42109245;5;5;30.229;True;True;False;True
6;2;40;73681984;2;6;3.703;False;False;True;True
55;5;13;15812348;0;0;5.166;False;False;False;True
26;4;19;32762342;5;0;4.705;False;False;False;True
20;4;22;42125494;7;20;4.932;False;False;True;True
29;4;18;29491470;0;0;4.293;False;False;False;True
34;5;17;25263142;0;0;5.147;False;False;False;True
28;2;18;30509199;6;28;2.726;False;False;True;True
57;5;13;15265334;0;0;5.171;False;False;False;True
20;2;22;42123709;5;20;3.009;False;False;True;True
9;3;33;58958597;4;9;3.809;False;False;True;True
45;3;14;19228914;10;45;3.939;False;False;True;True
18;2;23;46555082;4;18;3.206;False;False;True;True
42;4;15;20571152;9;0;4.695;False;False;False;True
50;5;14;17344853;0;0;5.16;False;False;False;True
9;4;33;58945740;3;9;4.82;False;False;True;True
38;2;16;22670138;8;38;3.047;False;False;True;True
64;4;12;13632217;0;0;4.147;False;False;False;True
13;3;27;46555138;3;3;4.884;False;False;False;True
51;3;14;17026410;6;9;3.942;False;False;True;True
23;3;20;36850101;3;23;3.828;False;False;True;True
61;2;12;14261910;12;61;3.096;False;False;True;True
23;3;20;36856945;5;23;4.153;False;False;True;True
10;5;31;55252202;2;0;5.663;False;False;False;True
33;2;17;26006807;8;33;2.911;False;False;True;True
56;3;13;15521008;4;0;3.529;False;False;False;True
29;5;18;29483401;0;0;5.172;False;False;False;True
33;4;17;26005467;5;5;31.21;True;True;False;True
24;2;20;35389786;3;24;2.677;False;False;True;True
61;4;12;14259537;0;0;4.161;False;False;False;True
12;5;28;49121406;4;0;5.575;False;False;False;True
40;2;15;21583049;4;40;3.149;False;False;True;True
61;2;12;14286099;10;61;3.001;False;False;True;True
8;3;35;63144636;4;8;4.171;False;False;True;True
32;5;17;26798227;0;0;5.158;False;False;False;True
62;4;12;14051521;0;0;4.179;False;False;False;True
25;2;20;34013031;5;25;3.095;False;False;True;True
10;5;31;55255897;4;3;5.796;False;False;False;True
58;3;13;15005092;12;0;3.837;False;False;False;True
16;2;25;52026681;4;16;2.962;False;False;True;True
51;3;14;17007143;5;0;3.81;False;False;False;True
23;2;20;36862209;6;23;2.796;False;False;True;True
56;3;13;15508796;7;0;3.817;False;False;False;True
35;3;16;24577600;8;35;31.2;True;False;True;True
17;3;24;49131938;4;17;5.804;False;False;True;True
18;5;23;46530282;8;7;6.217;False;False;True;True
19;2;22;44218532;1;19;3.138;False;False;True;True
64;5;12;13617896;0;0;5.154;False;False;False;True
63;5;12;13841314;0;0;5.169;False;False;False;True
7;2;37;68007444;3;7;3.886;False;False;True;True
59;2;13;14762769;12;59;3.339;False;False;True;True
64;3;12;13630776;6;0;3.668;False;False;False;True
42;2;15;20580298;11;42;2.937;False;False;True;True
19;5;22;44213287;7;19;5.929;False;False;True;True
37;2;16;23267255;3;37;2.853;False;False;True;True
51;2;14;17003805;10;51;2.991;False;False;True;True
38;5;16;22690273;0;0;5.152;False;False;False;True
20;2;22;42095648;5;20;2.896;False;False;True;True
8;3;35;63151620;3;8;4.095;False;False;True;True
40;4;15;21566715;7;0;4.687;False;False;False;True
27;2;19;31597136;4;27;3.056;False;False;True;True
32;3;17;26809429;4;32;4.865;False;True;True;True
60;4;12;14517387;0;0;4.161;False;False;False;True
45;4;14;19218557;8;0;4.637;False;False;False;True
6;3;40;73679663;2;6;4.337;False;False;True;True
46;2;14;18820788;8;46;30.273;True;False;False;True
6;4;40;73667598;1;1;7.246;False;False;False;True
