N;DELAY;THRESHOLD;BUF SIZE;KILLED DOCKER;REAL MPI KILLED;TIME;DEADLOCK;SEGFAULT;ABORT;RIGHT RESULT;D;WR
8;4;35;63159299;0;0;4.276;False;False;False;True;False;False
23;4;20;36839653;0;0;4.293;False;False;False;True;False;False
18;3;23;46557858;5;1;6.186;False;False;False;True;False;False
49;4;14;17705489;0;0;4.306;False;False;False;True;False;False
41;4;15;21063557;5;0;6.611;False;False;False;True;False;False
16;3;25;52025941;5;2;6.346;False;False;False;True;False;False
56;4;13;15523456;0;0;4.283;False;False;False;True;False;False
62;3;12;14052262;7;0;6.806;False;False;False;True;False;False
15;4;25;42101006;0;0;4.29;False;False;False;True;False;False
61;3;12;14267590;0;0;3.211;False;False;False;True;False;False
29;2;18;29499138;4;29;4.603;False;True;True;True;False;False
18;3;23;46540702;2;2;4.576;False;False;False;True;False;False
48;2;14;18047321;7;1;6.655;False;False;False;True;False;False
26;3;19;32760337;0;0;3.245;False;False;False;True;False;False
19;4;22;44205895;0;0;4.308;False;False;False;True;False;False
4;2;50;88419235;3;3;4.056;False;False;True;True;False;False
41;4;15;21062273;0;0;4.294;False;False;False;True;False;False
7;3;37;68022605;2;5;4.521;False;False;True;True;False;False
21;4;21;40185344;0;0;4.254;False;False;False;True;False;False
29;4;18;29483903;0;0;4.375;False;False;False;True;False;False
17;4;24;49131718;7;1;8.122;False;False;False;True;False;False
28;2;18;30504052;5;28;4.673;False;True;True;True;False;False
29;4;18;29485797;0;0;4.287;False;False;False;True;False;False
56;2;13;15527076;5;15;5.527;False;False;True;True;False;False
53;3;13;16377284;0;0;3.228;False;False;False;True;False;False
15;4;25;42108983;0;0;4.291;False;False;False;True;False;False
6;2;40;73693856;3;6;4.034;False;False;True;True;False;False
45;4;14;19231551;0;0;4.284;False;False;False;True;False;False
45;3;14;19235640;5;1;5.878;False;True;False;True;False;False
18;4;23;46542344;4;0;6.01;False;False;False;True;False;False
59;4;13;14765863;2;0;5.527;False;False;False;True;False;False
37;2;16;23269973;5;37;5.436;False;False;True;True;False;False
19;4;22;44202410;6;0;7.015;False;False;False;True;False;False
43;3;15;20106559;5;0;6.316;False;False;False;True;False;False
29;4;18;29473021;0;0;4.283;False;False;False;True;False;False
4;2;50;88421203;2;2;3.504;False;False;False;True;False;False
12;4;28;49128930;0;0;4.279;False;False;False;True;False;False
6;3;40;73683516;1;6;3.905;False;False;False;True;False;False
63;3;12;13832262;3;0;4.447;False;False;False;True;False;False
21;4;21;40200944;0;0;4.236;False;False;False;True;False;False
54;4;13;16076275;0;0;4.345;False;False;False;True;False;False
40;3;15;21586299;7;0;6.594;False;False;False;True;False;False
50;3;14;17333633;0;0;3.282;False;False;False;True;False;False
62;2;12;14060499;10;17;7.96;False;False;True;True;False;False
52;2;13;16680150;10;36;7.554;False;False;True;True;False;False
29;4;18;29467397;0;0;4.29;False;False;False;True;False;False
48;4;14;18060552;0;0;4.287;False;False;False;True;False;False
25;2;20;34017074;4;1;4.207;False;False;False;True;False;False
10;2;31;55255371;3;3;4.183;False;False;True;True;False;False
54;4;13;16091739;0;0;4.309;False;False;False;True;False;False
18;4;23;46526584;0;0;4.344;False;False;False;True;False;False
41;4;15;21050963;0;0;4.288;False;False;False;True;False;False
17;4;24;49135909;2;0;5.468;False;False;False;True;False;False
22;2;21;38448746;2;22;3.606;False;True;True;True;False;False
42;2;15;20565738;6;1;6.273;False;True;False;True;False;False
15;2;25;42123891;1;14;2.966;False;False;True;True;False;False
55;2;13;15810970;7;3;6.474;False;True;True;True;False;False
56;2;13;15534956;7;1;6.206;False;True;False;True;False;False
24;2;20;35382702;5;3;5.342;False;False;True;True;False;False
36;3;16;23918290;6;2;7.109;False;False;False;True;False;False
27;4;19;31584150;5;0;7.406;False;False;False;True;False;False
24;4;20;35381604;0;0;4.34;False;False;False;True;False;False
41;3;15;21073133;1;0;4.044;False;False;False;True;False;False
15;3;25;42112373;0;0;3.227;False;False;False;True;False;False
30;4;18;28516515;0;0;4.344;False;False;False;True;False;False
21;3;21;40203909;1;0;3.96;False;False;False;True;False;False
17;2;24;49127644;4;13;4.755;False;False;True;True;False;False
53;4;13;16377629;0;0;4.287;False;False;False;True;False;False
31;4;17;27642105;0;0;4.347;False;False;False;True;False;False
26;4;19;32763012;0;0;4.281;False;False;False;True;False;False
42;4;15;20590703;6;0;7.63;False;False;False;True;False;False
63;2;12;13821245;9;1;7.451;False;False;False;True;False;False
48;2;14;18055628;4;1;4.889;False;True;False;True;False;False
9;3;33;58963678;2;9;4.589;False;False;True;True;False;False
55;2;13;15815432;13;2;9.259;False;False;False;True;False;False
21;4;21;40188964;4;0;6.036;False;False;False;True;False;False
49;4;14;17696103;0;0;4.322;False;False;False;True;False;False
17;4;24;49130205;2;0;5.43;False;False;False;True;False;False
18;2;23;46544051;3;18;4.192;False;False;True;True;False;False
32;2;17;26788261;2;3;3.651;False;False;True;True;False;False
16;4;25;52003930;4;1;6.592;False;False;False;True;False;False
5;4;44;80366472;0;0;4.292;False;False;False;True;False;False
48;2;14;18071112;5;48;5.367;False;False;True;True;False;False
16;4;25;52023589;0;0;4.311;False;False;False;True;False;False
36;4;16;23895587;0;0;4.221;False;False;False;True;False;False
5;3;44;80389190;1;3;3.907;False;False;True;True;False;False
61;4;12;14269132;0;0;4.292;False;False;False;True;False;False
38;2;16;22669605;6;4;5.379;False;True;True;True;False;False
16;2;25;52029570;2;16;3.594;False;False;False;True;False;False
60;3;12;14505309;0;0;3.523;False;False;False;True;False;False
27;2;19;31586435;5;27;5.157;False;True;True;True;False;False
61;3;12;14275601;0;0;3.293;False;False;False;True;False;False
54;2;13;16076151;10;54;8.157;False;False;True;True;False;False
50;3;14;17347788;0;0;3.33;False;False;False;True;False;False
25;3;20;34004419;0;0;3.245;False;False;False;True;False;False
56;3;13;15521776;4;0;5.113;False;False;False;True;False;False
36;4;16;23923010;0;0;4.301;False;False;False;True;False;False
42;2;15;20579612;7;42;6.892;False;False;False;True;False;False
36;3;16;23922163;4;36;5.813;False;False;True;True;False;False
13;2;27;46548737;3;2;4.235;False;True;False;True;False;False
57;3;13;15243259;6;41;6.987;False;False;True;True;False;False
42;4;15;20566930;7;0;8.229;False;False;False;True;False;False
20;3;22;42097482;5;1;6.217;False;False;False;True;False;False
17;2;24;49122321;2;17;3.578;False;False;True;True;False;False
54;3;13;16091687;7;0;7.239;False;False;False;True;False;False
38;2;16;22699006;5;1;5.716;False;True;False;True;False;False
10;2;31;55266286;4;10;4.657;False;False;True;True;False;False
23;3;20;36853194;1;20;4.003;False;False;True;True;False;False
32;3;17;26815792;3;0;5.164;False;False;False;True;False;False
6;4;40;73676355;1;1;4.994;False;False;False;True;False;False
52;2;13;16690578;5;40;5.314;False;False;True;True;False;False
22;3;21;38449064;5;1;5.622;False;False;False;True;False;False
9;2;33;58937371;3;9;4.138;False;False;True;True;False;False
18;3;23;46538982;4;4;5.18;False;True;True;True;False;False
53;2;13;16393351;11;2;8.188;False;False;False;True;False;False
58;2;13;15001417;9;1;7.609;False;False;False;True;False;False
47;2;14;18430948;9;1;8.095;False;True;False;True;False;False
9;2;33;58945290;1;9;2.953;False;False;False;True;False;False
39;2;16;22114590;3;39;4.326;False;False;True;True;False;False
49;2;14;17698370;9;11;7.681;False;False;True;True;False;False
35;2;16;24557000;7;6;6.727;False;False;True;True;False;False
53;2;13;16380448;5;53;5.276;False;False;True;True;False;False
12;2;28;49143686;3;10;4.141;False;False;True;True;False;False
33;2;17;26016672;3;33;4.588;False;False;True;True;False;False
40;3;15;21593354;8;16;8.059;False;False;True;True;False;False
30;4;18;28521474;7;0;8.562;False;False;False;True;False;False
10;4;31;55263571;0;0;4.229;False;False;False;True;False;False
4;4;50;88424233;0;0;4.342;False;False;False;True;False;False
36;4;16;23919776;0;0;4.288;False;False;False;True;False;False
15;2;25;42117615;4;2;4.71;False;False;False;True;False;False
19;4;22;44222538;0;0;4.224;False;False;False;True;False;False
15;4;25;42095915;0;0;4.308;False;False;False;True;False;False
50;4;14;17335865;0;0;4.314;False;False;False;True;False;False
43;3;15;20108145;6;0;6.122;False;False;False;True;False;False
56;4;13;15524667;0;0;4.296;False;False;False;True;False;False
62;3;12;14050120;0;0;3.294;False;False;False;True;False;False
31;2;17;27638315;4;31;4.697;False;False;True;True;False;False
51;4;14;17016114;0;0;4.285;False;False;False;True;False;False
36;2;16;23917896;6;36;5.896;False;False;True;True;False;False
61;2;12;14261418;4;0;4.807;False;False;False;True;False;False
53;4;13;16393619;0;0;4.324;False;False;False;True;False;False
16;3;25;52028545;6;9;6.839;False;False;True;True;False;False
35;2;16;24570072;5;2;5.616;False;False;False;True;False;False
45;4;14;19238421;0;0;4.312;False;False;False;True;False;False
15;4;25;42110410;0;0;4.303;False;False;False;True;False;False
6;2;40;73682962;2;6;3.535;False;False;True;True;False;False
59;3;13;14763114;0;0;3.353;False;False;False;True;False;False
61;4;12;14284187;0;0;4.3;False;False;False;True;False;False
45;3;14;19248592;7;1;6.769;False;False;False;True;False;False
14;3;26;44206432;8;0;7.277;False;False;False;True;False;False
55;3;13;15797072;0;0;3.279;False;False;False;True;False;False
7;3;37;68023391;4;1;5.516;False;False;False;True;False;False
34;4;17;25270410;0;0;4.315;False;False;False;True;False;False
9;4;33;58956242;7;0;7.581;False;False;False;True;False;False
39;2;16;22100422;5;39;5.622;False;False;False;True;False;False
32;2;17;26800302;6;3;6.27;False;False;True;True;False;False
19;3;22;44210211;6;6;6.821;False;False;True;True;False;False
45;3;14;19223300;8;2;8.075;False;False;False;True;False;False
35;2;16;24578884;4;5;4.957;False;False;True;True;False;False
51;3;14;17016998;0;0;3.231;False;False;False;True;False;False
41;2;15;21070579;5;1;5.315;False;False;False;True;False;False
17;3;24;49142759;6;13;6.735;False;False;True;True;False;False
40;3;15;21592481;4;0;5.659;False;False;False;True;False;False
7;2;37;68031011;2;7;3.52;False;False;True;True;False;False
14;3;26;44207738;0;0;3.251;False;False;False;True;False;False
16;4;25;52027430;6;2;7.651;False;False;True;True;False;False
34;3;17;25273651;3;0;5.2;False;False;False;True;False;False
35;2;16;24562284;3;35;4.275;False;False;True;True;False;False
25;2;20;34023487;3;14;4.142;False;True;True;True;False;False
46;4;14;18822618;0;0;4.287;False;False;False;True;False;False
64;4;12;13613110;7;0;7.76;False;False;False;True;False;False
42;3;15;20584581;5;21;6.248;False;False;True;True;False;False
40;4;15;21564457;0;0;4.285;False;False;False;True;False;False
63;3;12;13840119;0;0;3.333;False;False;False;True;False;False
64;2;12;13627889;10;63;8.471;False;False;True;True;False;False
59;4;13;14765652;0;0;4.282;False;False;False;True;False;False
48;2;14;18053627;9;3;7.525;False;False;True;True;False;False
43;2;15;20114351;6;2;5.852;False;False;False;True;False;False
58;3;13;14998363;7;0;6.701;False;False;False;True;False;False
12;3;28;49120971;4;1;5.534;False;False;False;True;False;False
39;2;16;22106623;3;1;4.427;False;True;False;True;False;False
9;3;33;58946977;5;2;6.174;False;False;False;True;False;False
19;4;22;44201862;3;0;5.501;False;False;False;True;False;False
22;4;21;38459555;0;0;4.325;False;False;False;True;False;False
27;2;19;31588054;3;27;4.114;False;False;True;True;False;False
63;4;12;13819853;0;0;4.347;False;False;False;True;False;False
49;4;14;17700230;0;0;4.294;False;False;False;True;False;False
7;4;37;68016946;0;0;4.275;False;False;False;True;False;False
34;2;17;25271078;5;4;5.491;False;False;True;True;False;False
28;4;18;30500551;0;0;4.284;False;False;False;True;False;False
33;3;17;26011020;8;0;7.907;False;False;False;True;False;False
36;3;16;23923942;10;2;9.022;False;True;False;True;False;False
32;2;17;26789729;8;32;6.841;False;True;True;True;False;False
59;2;13;14762570;4;16;4.923;False;False;True;True;False;False
23;3;20;36855057;6;3;7.064;False;True;True;True;False;False
6;2;40;73674517;3;6;4.056;False;False;True;True;False;False
29;2;18;29486634;5;29;5.325;False;True;True;True;False;False
24;4;20;35368628;0;0;4.24;False;False;False;True;False;False
47;4;14;18418219;4;0;6.02;False;False;False;True;False;False
42;4;15;20563999;0;0;4.285;False;False;False;True;False;False
54;4;13;16079746;0;0;4.306;False;False;False;True;False;False
17;4;24;49139515;0;0;4.218;False;False;False;True;False;False
6;2;40;73687776;4;6;4.486;False;False;True;True;False;False
56;2;13;15534908;5;1;5.543;False;False;False;True;False;False
5;2;44;80383667;2;5;3.436;False;False;True;True;False;False
26;4;19;32751142;0;0;4.276;False;False;False;True;False;False
35;3;16;24566985;5;0;5.601;False;False;False;True;False;False
45;3;14;19246456;8;0;7.228;False;False;False;True;False;False
35;2;16;24584369;4;35;4.997;False;False;False;True;False;False
5;3;44;80389796;1;5;3.956;False;False;False;True;False;False
35;3;16;24584142;6;2;7.447;False;False;False;True;False;False
21;2;21;40192237;5;3;4.933;False;False;False;True;False;False
17;3;24;49119394;6;4;6.88;False;False;True;True;False;False
29;4;18;29483442;0;0;4.294;False;False;False;True;False;False
28;2;18;30489597;5;28;5.185;False;True;True;True;False;False
35;3;16;24565444;6;1;6.88;False;False;False;True;False;False
59;4;13;14753420;0;0;4.29;False;False;False;True;False;False
10;2;31;55250045;1;10;2.981;False;False;False;True;False;False
12;4;28;49118028;0;0;4.311;False;False;False;True;False;False
60;4;12;14521644;0;0;4.29;False;False;False;True;False;False
45;3;14;19237679;8;0;7.208;False;False;False;True;False;False
45;3;14;19242309;12;0;9.365;False;False;False;True;False;False
46;2;14;18836196;7;4;5.871;False;True;True;True;False;False
46;4;14;18813949;0;0;4.392;False;False;False;True;False;False
37;3;16;23274441;5;0;6.202;False;False;False;True;False;False
28;4;18;30496045;0;0;4.281;False;False;False;True;False;False
16;2;25;52025287;4;14;4.7;False;False;True;True;False;False
43;3;15;20117880;7;2;7.324;False;False;True;True;False;False
28;3;18;30508699;0;0;3.356;False;False;False;True;False;False
43;3;15;20102685;0;0;3.233;False;False;False;True;False;False
58;4;13;15009870;0;0;4.359;False;False;False;True;False;False
47;3;14;18433428;0;0;3.415;False;False;False;True;False;False
22;2;21;38443311;7;2;5.795;False;False;False;True;False;False
51;2;14;17003901;6;1;5.835;False;False;False;True;False;False
60;2;12;14516615;5;7;5.309;False;False;True;True;False;False
53;3;13;16391266;4;1;5.231;False;False;False;True;False;False
25;4;20;34028767;0;0;4.292;False;False;False;True;False;False
23;2;20;36855494;4;2;4.268;False;False;False;True;False;False
15;4;25;42102095;0;0;4.274;False;False;False;True;False;False
18;2;23;46543415;4;18;4.738;False;False;True;True;False;False
42;4;15;20559164;5;20;7.157;False;False;True;True;False;False
55;2;13;15796916;7;3;5.911;False;False;True;True;False;False
60;3;12;14502244;8;0;7.801;False;False;False;True;False;False
56;4;13;15522481;0;0;4.289;False;False;False;True;False;False
55;3;13;15814421;0;0;3.474;False;False;False;True;False;False
12;4;28;49132061;0;0;4.295;False;False;False;True;False;False
35;3;16;24570737;7;0;6.635;False;False;False;True;False;False
26;2;19;32763233;6;26;5.839;False;False;True;True;False;False
40;4;15;21572481;0;0;4.28;False;False;False;True;False;False
55;2;13;15792248;5;2;5.336;False;False;False;True;False;False
27;3;19;31579653;0;0;3.303;False;False;False;True;False;False
57;4;13;15253084;0;0;4.362;False;False;False;True;False;False
13;4;27;46545365;0;0;4.298;False;False;False;True;False;False
40;2;15;21577203;2;40;3.804;False;False;False;True;False;False
46;2;14;18828776;7;6;6.192;False;True;True;True;False;False
12;2;28;49118604;0;12;2.372;False;False;False;True;False;False
59;4;13;14745596;9;1;9.482;False;False;False;True;False;False
53;2;13;16376806;2;53;3.882;False;False;False;True;False;False
27;2;19;31576255;5;1;4.788;False;False;False;True;False;False
27;2;19;31575525;7;1;5.684;False;False;False;True;False;False
45;2;14;19236834;5;1;5.778;False;True;False;True;False;False
6;4;40;73684668;0;0;4.333;False;False;False;True;False;False
54;3;13;16077108;6;0;6.903;False;False;False;True;False;False
11;3;30;52009008;0;2;3.335;False;False;False;True;False;False
24;2;20;35367295;8;5;6.931;False;True;True;True;False;False
45;2;14;19229314;2;45;3.899;False;False;True;True;False;False
42;2;15;20586282;3;42;4.7;False;False;True;True;False;False
45;3;14;19238678;8;45;8.129;False;True;True;True;False;False
6;4;40;73673494;2;0;5.55;False;False;False;True;False;False
41;2;15;21079663;5;7;5.78;False;False;True;True;False;False
16;3;25;52027482;3;7;5.143;False;False;True;True;False;False
41;2;15;21051543;5;41;5.645;False;False;True;True;False;False
34;2;17;25269757;4;34;5.224;False;False;False;True;False;False
10;2;31;55250572;4;4;4.83;False;False;True;True;False;False
41;2;15;21054467;6;41;5.963;False;False;True;True;False;False
26;3;19;32755278;6;26;6.841;False;False;True;True;False;False
30;4;18;28532572;0;0;4.298;False;False;False;True;False;False
24;2;20;35376728;4;5;4.747;False;False;True;True;False;False
19;4;22;44203764;0;0;4.34;False;False;False;True;False;False
56;3;13;15539379;0;0;3.288;False;False;False;True;False;False
59;3;13;14764019;0;0;3.351;False;False;False;True;False;False
10;3;31;55267530;4;1;5.612;False;False;False;True;False;False
16;4;25;52024354;5;0;6.565;False;False;False;True;False;False
29;2;18;29480447;4;1;4.165;False;False;False;True;False;False
35;3;16;24571279;6;0;6.741;False;False;False;True;False;False
35;2;16;24564473;5;2;5.645;False;False;False;True;False;False
40;4;15;21580376;0;0;4.362;False;False;False;True;False;False
34;4;17;25261051;0;0;4.286;False;False;False;True;False;False
56;2;13;15539667;13;56;9.48;False;False;True;True;False;False
20;4;22;42122175;2;0;5.487;False;False;False;True;False;False
33;3;17;26021068;8;1;7.519;False;False;False;True;False;False
49;3;14;17703948;5;2;6.324;False;False;True;True;False;False
61;3;12;14261746;4;0;5.211;False;False;False;True;False;False
6;4;40;73669754;0;0;4.373;False;False;False;True;False;False
36;4;16;23892106;0;0;4.297;False;False;False;True;False;False
34;4;17;25288082;7;0;8.164;False;False;False;True;False;False
54;4;13;16101723;0;0;4.289;False;False;False;True;False;False
63;2;12;13839437;7;0;6.432;False;False;False;True;False;False
9;2;33;58939895;3;5;4.112;False;False;True;True;False;False
43;4;15;20101664;0;0;4.311;False;False;False;True;False;False
48;3;14;18057261;0;0;3.44;False;False;False;True;False;False
34;3;17;25288079;4;34;5.747;False;False;True;True;False;False
12;2;28;49141850;3;3;4.119;False;False;True;True;False;False
18;3;23;46552272;2;18;4.548;False;False;True;True;False;False
54;3;13;16092363;0;0;3.402;False;False;False;True;False;False
43;2;15;20115560;10;43;8.646;False;False;False;True;False;False
23;4;20;36865453;5;0;7.213;False;False;False;True;False;False
39;3;16;22101886;9;0;8.308;False;False;False;True;False;False
19;3;22;44231005;5;1;6.154;False;False;False;True;False;False
51;3;14;17027700;0;0;3.323;False;False;False;True;False;False
10;3;31;55256642;2;10;4.455;False;False;True;True;False;False
57;4;13;15262932;0;0;4.293;False;False;False;True;False;False
53;4;13;16392427;0;0;4.293;False;False;False;True;False;False
45;3;14;19221519;0;0;3.324;False;False;False;True;False;False
47;3;14;18420618;8;0;7.191;False;False;False;True;False;False
40;2;15;21589941;8;2;6.966;False;False;False;True;False;False
37;3;16;23291695;7;0;7.227;False;False;False;True;False;False
23;3;20;36845900;7;1;7.166;False;False;False;True;False;False
54;3;13;16097443;6;0;6.192;False;False;False;True;False;False
6;3;40;73681964;2;6;4.509;False;False;True;True;False;False
40;3;15;21584302;6;7;6.463;False;True;True;True;False;False
28;3;18;30490650;1;0;4.052;False;False;False;True;False;False
31;3;17;27629936;0;0;3.24;False;False;False;True;False;False
64;2;12;13607010;9;2;7.391;False;True;False;True;False;False
16;4;25;52024979;0;0;4.272;False;False;False;True;False;False
55;3;13;15804514;0;0;3.43;False;False;False;True;False;False
46;4;14;18821920;0;0;4.311;False;False;False;True;False;False
14;2;26;44227804;3;2;4.145;False;True;False;True;False;False
56;2;13;15527562;6;2;5.493;False;False;False;True;False;False
5;3;44;80389525;1;5;3.917;False;False;False;True;False;False
10;3;31;55261845;5;1;6.092;False;False;False;True;False;False
27;3;19;31595589;4;1;5.584;False;False;False;True;False;False
55;3;13;15810919;0;0;3.219;False;False;False;True;False;False
19;2;22;44229042;4;19;4.738;False;False;True;True;False;False
57;2;13;15256706;9;4;7.587;False;True;True;True;False;False
63;2;12;13812886;9;1;6.893;False;False;False;True;False;False
23;3;20;36853409;3;10;5.085;False;False;True;True;False;False
55;2;13;15794088;8;55;7.406;False;False;True;True;False;False
31;2;17;27640586;4;2;4.766;False;False;False;True;False;False
41;2;15;21048605;4;41;5.329;False;False;True;True;False;False
6;2;40;73671282;2;6;3.695;False;False;True;True;False;False
61;2;12;14266558;3;61;4.535;False;False;True;True;False;False
49;2;14;17680070;7;0;6.44;False;False;False;True;False;False
64;3;12;13627746;6;1;7.481;False;True;False;True;False;False
60;2;12;14517332;9;3;7.585;False;False;True;True;False;False
57;4;13;15261140;0;0;4.342;False;False;False;True;False;False
41;2;15;21060487;4;26;5.092;False;False;True;True;False;False
44;2;15;19659326;3;4;4.529;False;True;True;True;False;False
59;3;13;14764580;0;0;3.297;False;False;False;True;False;False
41;4;15;21052081;0;0;4.298;False;False;False;True;False;False
48;3;14;18065543;6;0;6.082;False;False;False;True;False;False
34;3;17;25266930;5;4;6.037;False;True;True;True;False;False
55;3;13;15816145;6;0;6.138;False;False;False;True;False;False
22;2;21;38467010;6;22;5.944;False;False;True;True;False;False
60;3;12;14513197;0;0;3.246;False;False;False;True;False;False
47;2;14;18434937;8;3;6.608;False;False;False;True;False;False
35;4;16;24580517;0;0;4.294;False;False;False;True;False;False
20;3;22;42101134;4;1;5.548;False;False;False;True;False;False
42;3;15;20582313;4;0;5.393;False;False;False;True;False;False
53;2;13;16393744;7;30;6.36;False;False;True;True;False;False
34;3;17;25258204;6;0;6.92;False;False;False;True;False;False
14;4;26;44206206;0;0;4.322;False;False;False;True;False;False
14;2;26;44232284;4;2;4.567;False;False;False;True;False;False
55;3;13;15813508;0;0;3.241;False;False;False;True;False;False
25;3;20;34014066;8;0;7.134;False;False;False;True;False;False
23;4;20;36855046;0;0;4.238;False;False;False;True;False;False
52;4;13;16706790;0;0;4.294;False;False;False;True;False;False
60;2;12;14522363;10;27;8.162;False;False;True;True;False;False
59;2;13;14758708;6;3;6.014;False;False;True;True;False;False
4;2;50;88423317;3;3;4.021;False;False;True;True;False;False
47;4;14;18445866;0;0;4.331;False;False;False;True;False;False
14;3;26;44206139;0;0;3.242;False;False;False;True;False;False
30;2;18;28537216;8;4;6.356;False;True;True;True;False;False
31;2;17;27648151;5;31;5.182;False;True;True;True;False;False
33;2;17;26032108;8;33;6.899;False;False;True;True;False;False
17;3;24;49142468;4;17;5.663;False;False;True;True;False;False
50;3;14;17347709;6;0;6.189;False;False;False;True;False;False
58;4;13;14995713;0;0;4.297;False;False;False;True;False;False
58;3;13;15005940;1;0;4.084;False;False;False;True;False;False
52;4;13;16707666;0;0;4.292;False;False;False;True;False;False
43;3;15;20102375;0;0;3.484;False;False;False;True;False;False
60;3;12;14522095;0;0;3.235;False;False;False;True;False;False
57;2;13;15258617;9;57;7.982;False;False;False;True;False;False
46;4;14;18834542;5;3;7.439;False;False;True;True;False;False
15;4;25;42099103;10;0;10.507;False;False;False;True;False;False
48;2;14;18041116;6;2;5.942;False;False;False;True;False;False
7;3;37;68010513;3;1;5.063;False;False;False;True;False;False
57;2;13;15245542;2;31;3.909;False;False;True;True;False;False
25;4;20;34005222;0;0;4.291;False;False;False;True;False;False
63;4;12;13831571;0;0;4.291;False;False;False;True;False;False
33;3;17;26026493;7;33;7.881;False;False;False;True;False;False
44;2;15;19649776;6;44;5.982;False;True;True;True;False;False
55;4;13;15794721;9;0;9.437;False;False;False;True;False;False
14;4;26;44223339;7;0;7.63;False;False;False;True;False;False
5;3;44;80363691;2;5;4.501;False;False;True;True;False;False
47;4;14;18443187;0;0;4.285;False;False;False;True;False;False
27;2;19;31586918;2;27;3.558;False;False;False;True;False;False
15;4;25;42101242;7;0;8.235;False;False;False;True;False;False
31;4;17;27639937;0;0;4.293;False;False;False;True;False;False
26;2;19;32752795;7;26;6.267;False;True;True;True;False;False
46;2;14;18813160;6;46;5.873;False;False;True;True;False;False
53;4;13;16383416;0;0;4.291;False;False;False;True;False;False
39;4;16;22130961;0;0;4.285;False;False;False;True;False;False
57;3;13;15265577;0;0;3.39;False;False;False;True;False;False
33;4;17;26008613;10;3;9.742;False;False;True;True;False;False
54;3;13;16090439;0;0;3.394;False;False;False;True;False;False
34;3;17;25274924;3;0;5.388;False;False;False;True;False;False
7;3;37;68018093;3;6;5.03;False;False;True;True;False;False
22;4;21;38458355;0;0;4.281;False;False;False;True;False;False
32;2;17;26800725;7;3;6.44;False;False;True;True;False;False
21;2;21;40193525;4;2;4.276;False;False;False;True;False;False
38;4;16;22673498;0;0;4.234;False;False;False;True;False;False
17;4;24;49117268;2;0;5.463;False;False;False;True;False;False
59;3;13;14759285;0;0;3.241;False;False;False;True;False;False
6;2;40;73697381;1;6;2.957;False;False;False;True;False;False
17;4;24;49116774;4;0;5.99;False;False;False;True;False;False
40;2;15;21588088;4;2;4.982;False;False;False;True;False;False
45;2;14;19243450;12;3;9.304;False;False;True;True;False;False
13;2;27;46546302;4;2;4.661;False;False;False;True;False;False
44;4;15;19662303;0;0;4.289;False;False;False;True;False;False
6;3;40;73679198;2;2;4.447;False;False;True;True;False;False
36;3;16;23919023;6;36;7.226;False;False;False;True;False;False
36;3;16;23909146;4;1;5.4;False;False;False;True;False;False
12;2;28;49119244;4;12;4.7;False;True;True;True;False;False
62;4;12;14064472;0;0;4.308;False;False;False;True;False;False
51;2;14;17030511;8;28;7.148;False;False;True;True;False;False
18;4;23;46546378;3;0;5.4;False;False;False;True;False;False
24;2;20;35386226;9;15;7.366;False;False;True;True;False;False
38;3;16;22677574;4;2;6.114;False;False;False;True;False;False
62;4;12;14057554;0;0;4.319;False;False;False;True;False;False
37;4;16;23292699;0;0;4.304;False;False;False;True;False;False
28;4;18;30505759;0;0;4.288;False;False;False;True;False;False
33;4;17;26016159;8;1;8.682;False;False;False;True;False;False
21;4;21;40207580;0;0;4.223;False;False;False;True;False;False
64;2;12;13630869;5;5;5.951;False;False;True;True;False;False
53;4;13;16380423;0;0;4.239;False;False;False;True;False;False
27;3;19;31598497;0;0;3.236;False;False;False;True;False;False
44;4;15;19671289;0;0;4.277;False;False;False;True;False;False
53;3;13;16371596;4;0;5.683;False;False;False;True;False;False
20;3;22;42111181;2;20;4.602;False;False;True;True;False;False
38;3;16;22691928;7;0;7.197;False;False;False;True;False;False
49;2;14;17680101;9;31;7.56;False;False;True;True;False;False
50;3;14;17350601;0;0;3.238;False;False;False;True;False;False
21;2;21;40198996;8;7;6.972;False;False;True;True;False;False
15;2;25;42104593;2;2;3.548;False;False;False;True;False;False
47;2;14;18425995;6;4;5.659;False;True;True;True;False;False
33;2;17;26025895;11;3;8.67;False;False;False;True;False;False
49;3;14;17688448;7;0;7.269;False;False;False;True;False;False
58;4;13;15014419;0;0;4.383;False;False;False;True;False;False
32;2;17;26791385;8;3;6.578;False;False;True;True;False;False
41;2;15;21079911;2;7;3.723;False;False;True;True;False;False
29;3;18;29481853;0;0;3.241;False;False;False;True;False;False
49;3;14;17687764;0;0;3.354;False;False;False;True;False;False
44;4;15;19655274;0;0;4.294;False;False;False;True;False;False
37;2;16;23285341;5;3;5.609;False;False;True;True;False;False
33;3;17;26007294;4;33;5.804;False;False;False;True;False;False
48;4;14;18052283;0;0;4.286;False;False;False;True;False;False
60;2;12;14524057;3;57;4.306;False;False;True;True;False;False
63;4;12;13827813;1;0;4.938;False;False;False;True;False;False
7;2;37;68019580;1;7;2.932;False;False;False;True;False;False
25;4;20;34014134;0;0;4.324;False;False;False;True;False;False
17;4;24;49136814;0;0;4.385;False;False;False;True;False;False
36;4;16;23892063;0;0;4.238;False;False;False;True;False;False
26;3;19;32750156;0;0;3.25;False;False;False;True;False;False
31;2;17;27636720;8;31;6.732;False;False;True;True;False;False
25;4;20;34006232;0;0;4.296;False;False;False;True;False;False
50;3;14;17352639;0;0;3.369;False;False;False;True;False;False
63;3;12;13822817;0;0;3.333;False;False;False;True;False;False
44;4;15;19654314;0;0;4.427;False;False;False;True;False;False
4;3;50;88413599;3;0;4.47;False;False;False;True;False;False
39;2;16;22108711;4;39;4.838;False;False;True;True;False;False
27;4;19;31599088;0;0;4.339;False;False;False;True;False;False
27;4;19;31572320;0;0;4.297;False;False;False;True;False;False
28;4;18;30501122;0;0;4.333;False;False;False;True;False;False
10;2;31;55279104;2;10;3.543;False;False;True;True;False;False
44;2;15;19654906;10;2;8.323;False;False;False;True;False;False
27;3;19;31574148;0;0;3.226;False;False;False;True;False;False
34;3;17;25258230;6;1;6.847;False;False;False;True;False;False
10;2;31;55252458;5;10;5.123;False;False;True;True;False;False
52;3;13;16689661;4;0;5.711;False;False;False;True;False;False
38;4;16;22672207;0;0;4.295;False;False;False;True;False;False
47;3;14;18423651;7;10;7.291;False;False;True;True;False;False
29;2;18;29484992;4;29;4.705;False;False;True;True;False;False
5;4;44;80383544;0;4;4.306;False;False;False;True;False;False
33;3;17;26031698;8;7;8.249;False;False;True;True;False;False
63;4;12;13836085;0;0;4.356;False;False;False;True;False;False
22;2;21;38445862;8;7;6.468;False;False;True;True;False;False
23;4;20;36845431;0;0;4.306;False;False;False;True;False;False
24;2;20;35378416;0;24;2.371;False;False;False;True;False;False
30;3;18;28521629;0;0;3.228;False;False;False;True;False;False
14;3;26;44206072;3;0;4.454;False;False;False;True;False;False
25;4;20;34003087;0;0;4.291;False;False;False;True;False;False
60;2;12;14503976;2;1;3.76;False;False;False;True;False;False
4;3;50;88411882;3;2;5.04;False;False;False;True;False;False
34;3;17;25266076;8;34;8.176;False;False;True;True;False;False
19;3;22;44228998;5;19;6.185;False;False;True;True;False;False
16;2;25;52018020;5;4;5.319;False;False;False;True;False;False
37;3;16;23265750;4;0;5.141;False;False;False;True;False;False
26;2;19;32745504;6;1;6.07;False;True;False;True;False;False
40;3;15;21576054;4;40;5.815;False;False;True;True;False;False
20;4;22;42114047;3;0;6.155;False;False;False;True;False;False
47;2;14;18441199;3;4;4.584;False;True;True;True;False;False
61;4;12;14271139;0;0;4.387;False;False;False;True;False;False
39;4;16;22112085;0;0;4.261;False;False;False;True;False;False
18;4;23;46549907;4;3;6.617;False;False;True;True;False;False
26;4;19;32748038;0;0;4.303;False;False;False;True;False;False
60;2;12;14512999;10;39;8.199;False;False;True;True;False;False
27;4;19;31576064;0;0;4.29;False;False;False;True;False;False
11;3;30;52029258;2;8;4.491;False;False;True;True;False;False
20;3;22;42126017;5;2;6.084;False;False;True;True;False;False
44;4;15;19650462;0;0;4.295;False;False;False;True;False;False
15;4;25;42106477;0;0;4.282;False;False;False;True;False;False
57;3;13;15267193;0;0;3.26;False;False;False;True;False;False
59;4;13;14765209;0;0;4.301;False;False;False;True;False;False
42;4;15;20562812;6;6;7.65;False;False;True;True;False;False
31;2;17;27632122;6;4;5.852;False;False;True;True;False;False
10;4;31;55270725;0;0;4.282;False;False;False;True;False;False
15;2;25;42104118;6;1;5.73;False;False;False;True;False;False
49;4;14;17704955;0;0;4.32;False;False;False;True;False;False
9;2;33;58936346;3;9;4.083;False;False;True;True;False;False
40;3;15;21578406;7;0;7.257;False;False;False;True;False;False
63;3;12;13817518;0;0;3.223;False;False;False;True;False;False
46;3;14;18829572;6;0;6.827;False;False;False;True;False;False
33;3;17;26001064;5;2;6.412;False;False;False;True;False;False
4;4;50;88401273;0;0;4.283;False;False;False;True;False;False
64;3;12;13603395;10;1;9.433;False;False;False;True;False;False
45;3;14;19243668;6;0;6.162;False;False;False;True;False;False
40;2;15;21592897;3;40;4.393;False;False;True;True;False;False
46;4;14;18809752;0;0;4.4;False;False;False;True;False;False
13;4;27;46554721;9;0;9.719;False;False;False;True;False;False
38;2;16;22666860;7;12;6.354;False;False;True;True;False;False
42;4;15;20561086;0;0;4.323;False;False;False;True;False;False
26;3;19;32749805;4;0;5.593;False;False;False;True;False;False
36;2;16;23922211;7;3;6.626;False;False;False;True;False;False
49;2;14;17687074;7;4;6.384;False;False;True;True;False;False
12;3;28;49138466;0;0;3.354;False;False;False;True;False;False
7;4;37;68016154;0;0;4.391;False;False;False;True;False;False
33;3;17;26003380;1;1;4.198;False;False;False;True;False;False
33;4;17;26018666;10;0;9.262;False;False;False;True;False;False
39;3;16;22103502;9;0;8.404;False;False;False;True;False;False
16;4;25;52007258;5;0;7.084;False;False;False;True;False;False
38;2;16;22667939;5;38;5.004;False;False;True;True;False;False
62;3;12;14035264;5;1;6.43;False;False;False;True;False;False
57;2;13;15244897;2;57;3.851;False;False;True;True;False;False
33;4;17;26029759;5;1;7.368;False;False;False;True;False;False
10;2;31;55277952;3;10;4.098;False;False;True;True;False;False
15;3;25;42113196;0;0;3.232;False;False;False;True;False;False
22;3;21;38436292;4;0;5.548;False;False;False;True;False;False
38;3;16;22685121;3;0;5.136;False;False;False;True;False;False
15;3;25;42103122;0;0;3.377;False;False;False;True;False;False
45;4;14;19237981;0;0;4.339;False;False;False;True;False;False
30;4;18;28527387;0;0;4.298;False;False;False;True;False;False
53;2;13;16393477;5;53;4.914;False;True;True;True;False;False
55;2;13;15793534;6;1;5.911;False;False;False;True;False;False
33;3;17;26012867;4;1;5.29;False;False;False;True;False;False
15;3;25;42100999;0;0;3.326;False;False;False;True;False;False
42;4;15;20570645;0;0;4.398;False;False;False;True;False;False
47;3;14;18441167;0;0;3.298;False;False;False;True;False;False
58;2;13;14985325;9;1;6.879;False;False;False;True;False;False
6;2;40;73685855;1;6;2.912;False;False;True;True;False;False
25;3;20;34020970;0;0;3.392;False;False;False;True;False;False
39;4;16;22110444;0;0;4.322;False;False;False;True;False;False
13;4;27;46550786;0;0;4.313;False;False;False;True;False;False
43;2;15;20122476;3;43;4.345;False;False;False;True;False;False
62;4;12;14035803;5;8;7.318;False;False;True;True;False;False
7;3;37;68002777;2;2;4.611;False;False;True;True;False;False
53;3;13;16383426;5;8;6.557;False;False;True;True;False;False
31;3;17;27652358;0;0;3.324;False;False;False;True;False;False
16;3;25;52008484;6;2;6.398;False;True;False;True;False;False
10;3;31;55256996;2;1;4.473;False;False;False;True;False;False
37;2;16;23273849;6;3;6.165;False;False;True;True;False;False
7;3;37;68001008;4;1;5.549;False;False;False;True;False;False
11;3;30;52007950;2;0;4.521;False;False;False;True;False;False
59;3;13;14763582;0;0;3.244;False;False;False;True;False;False
28;3;18;30501419;0;0;3.255;False;False;False;True;False;False
19;4;22;44202562;1;1;4.939;False;False;False;True;False;False
33;4;17;26012215;9;1;9.917;False;True;False;True;False;False
19;2;22;44218328;1;19;3.074;False;False;False;True;False;False
16;4;25;52031789;6;1;7.672;False;False;False;True;False;False
48;3;14;18045141;8;0;7.97;False;False;False;True;False;False
61;2;12;14283998;5;4;5.665;False;True;True;True;False;False
9;3;33;58962709;2;2;4.511;False;False;False;True;False;False
36;4;16;23909212;0;0;4.31;False;False;False;True;False;False
33;4;17;26009048;4;33;6.725;False;False;True;True;False;False
51;2;14;17028535;4;22;4.784;False;False;True;True;False;False
22;2;21;38465614;4;8;4.721;False;True;True;True;False;False
38;4;16;22685886;0;0;4.28;False;False;False;True;False;False
17;3;24;49114732;2;17;4.635;False;False;True;True;False;False
7;4;37;68025200;0;0;4.246;False;False;False;True;False;False
9;2;33;58939887;3;9;4.058;False;False;True;True;False;False
49;2;14;17694860;8;1;7.441;False;True;False;True;False;False
61;2;12;14262537;9;1;7.607;False;False;False;True;False;False
40;3;15;21569647;5;1;5.786;False;False;False;True;False;False
37;4;16;23290684;7;1;8.271;False;False;False;True;False;False
30;3;18;28527652;0;0;3.257;False;False;False;True;False;False
63;2;12;13835155;11;63;7.938;False;True;True;True;False;False
34;4;17;25265081;0;0;4.282;False;False;False;True;False;False
16;4;25;52008658;0;0;4.32;False;False;False;True;False;False
44;3;15;19667138;6;16;6.919;False;False;True;True;False;False
50;4;14;17342886;0;0;4.313;False;False;False;True;False;False
49;2;14;17711075;6;1;5.911;False;False;False;True;False;False
53;3;13;16395115;7;3;7.256;False;False;True;True;False;False
59;2;13;14762825;8;1;6.387;False;False;False;True;False;False
4;2;50;88419495;3;4;4.1;False;False;True;True;False;False
16;2;25;52026962;6;5;5.792;False;True;True;True;False;False
53;2;13;16381725;11;3;8.164;False;False;False;True;False;False
30;3;18;28536128;0;0;3.292;False;False;False;True;False;False
36;3;16;23922910;10;1;8.91;False;True;False;True;False;False
43;2;15;20100470;8;43;7.502;False;False;True;True;False;False
45;2;14;19245094;4;45;5.293;False;False;True;True;False;False
36;3;16;23912398;4;36;6.592;False;False;True;True;False;False
35;2;16;24560661;5;35;5.958;False;False;True;True;False;False
4;3;50;88404426;1;3;4.032;False;False;False;True;False;False
56;4;13;15529621;6;56;8.205;False;True;True;True;False;False
57;4;13;15267900;10;57;10.057;False;False;True;True;False;False
63;4;12;13823412;0;0;4.282;False;False;False;True;False;False
21;3;21;40203985;3;21;5.054;False;False;True;True;False;False
28;4;18;30487046;0;0;4.379;False;False;False;True;False;False
19;3;22;44231966;4;3;5.759;False;False;True;True;False;False
52;2;13;16683929;4;1;4.857;False;False;False;True;False;False
26;3;19;32767108;4;0;5.612;False;False;False;True;False;False
10;4;31;55272583;0;0;4.3;False;False;False;True;False;False
16;2;25;52030007;3;5;4.256;False;False;True;True;False;False
58;3;13;14995348;0;0;3.301;False;False;False;True;False;False
58;4;13;15011580;0;0;4.372;False;False;False;True;False;False
43;2;15;20118134;4;3;4.997;False;False;False;True;False;False
23;2;20;36839807;6;5;5.417;False;True;True;True;False;False
41;3;15;21056047;7;19;7.373;False;False;True;True;False;False
63;3;12;13825730;0;0;3.362;False;False;False;True;False;False
37;3;16;23281751;8;2;8.053;False;False;False;True;False;False
4;2;50;88404142;3;3;4.102;False;False;False;True;False;False
22;3;21;38436070;4;1;5.763;False;False;False;True;False;False
20;3;22;42122966;6;8;6.728;False;False;True;True;False;False
34;3;17;25277105;5;1;6.271;False;False;False;True;False;False
33;3;17;26027911;4;20;5.868;False;False;True;True;False;False
28;4;18;30510881;0;0;4.332;False;False;False;True;False;False
27;2;19;31595215;7;27;6.224;False;True;True;True;False;False
14;2;26;44217046;3;14;4.035;False;True;True;True;False;False
41;3;15;21065904;4;1;5.85;False;False;False;True;False;False
52;4;13;16705691;0;0;4.341;False;False;False;True;False;False
43;2;15;20115070;4;3;4.993;False;False;True;True;False;False
7;3;37;68011524;3;1;4.95;False;False;False;True;False;False
30;4;18;28548482;0;0;4.292;False;False;False;True;False;False
5;3;44;80369518;3;5;4.978;False;False;True;True;False;False
57;3;13;15264629;0;0;3.234;False;False;False;True;False;False
49;3;14;17710241;5;0;5.682;False;False;False;True;False;False
60;2;12;14513504;8;30;7.06;False;False;True;True;False;False
50;3;14;17363150;0;0;3.377;False;False;False;True;False;False
56;2;13;15526947;11;56;8.528;False;True;True;True;False;False
31;2;17;27635593;8;1;6.834;False;False;False;True;False;False
4;3;50;88410358;1;1;3.912;False;False;False;True;False;False
5;4;44;80380505;1;1;4.953;False;False;False;True;False;False
11;3;30;52008117;2;0;4.534;False;False;False;True;False;False
60;2;12;14513762;8;60;6.891;False;True;True;True;False;False
25;2;20;34009918;10;17;7.914;False;False;True;True;False;False
39;4;16;22109269;6;1;7.643;False;False;False;True;False;False
64;3;12;13629759;13;1;11.869;False;True;False;True;False;False
49;4;14;17692621;4;0;6.77;False;False;False;True;False;False
27;3;19;31573158;0;0;3.325;False;False;False;True;False;False
36;2;16;23917155;11;5;8.294;False;False;True;True;False;False
4;2;50;88403988;3;4;4.043;False;False;True;True;False;False
40;4;15;21590079;0;0;4.292;False;False;False;True;False;False
52;2;13;16699690;7;52;6.743;False;False;False;True;False;False
36;2;16;23900074;6;10;6.337;False;False;True;True;False;False
49;2;14;17694967;5;49;4.982;False;True;True;True;False;False
51;4;14;17030638;8;1;9.059;False;False;False;True;False;False
31;3;17;27633409;0;0;3.367;False;False;False;True;False;False
8;4;35;63164930;0;0;4.236;False;False;False;True;False;False
5;3;44;80371189;1;5;3.909;False;False;False;True;False;False
52;3;13;16690287;0;0;3.387;False;False;False;True;False;False
54;3;13;16085005;5;0;6.351;False;False;False;True;False;False
16;4;25;52032697;1;16;4.974;False;False;True;True;False;False
34;3;17;25276541;4;4;5.818;False;False;True;True;False;False
8;4;35;63162975;0;0;4.401;False;False;False;True;False;False
48;4;14;18072442;0;0;4.295;False;False;False;True;False;False
30;2;18;28536803;5;1;4.679;False;False;False;True;False;False
43;2;15;20110545;8;43;6.901;False;False;True;True;False;False
13;2;27;46529746;5;8;5.172;False;False;True;True;False;False
62;2;12;14039214;9;2;7.593;False;False;False;True;False;False
41;4;15;21057741;0;0;4.317;False;False;False;True;False;False
33;4;17;26023958;0;0;4.321;False;False;False;True;False;False
30;4;18;28520406;0;0;4.299;False;False;False;True;False;False
59;3;13;14759760;0;0;3.246;False;False;False;True;False;False
7;4;37;68031002;0;0;4.231;False;False;False;True;False;False
28;3;18;30491952;0;0;3.252;False;False;False;True;False;False
10;3;31;55281997;6;4;6.594;False;False;True;True;False;False
43;3;15;20093628;5;0;6.195;False;False;False;True;False;False
42;3;15;20577798;0;0;3.284;False;False;False;True;False;False
55;4;13;15797081;0;0;4.299;False;False;False;True;False;False
33;4;17;26012048;5;1;7.273;False;False;False;True;False;False
18;2;23;46526378;6;18;5.743;False;False;True;True;False;False
46;2;14;18828369;7;1;5.914;False;False;False;True;False;False
20;3;22;42108851;3;8;5.032;False;False;True;True;False;False
7;4;37;68032027;0;0;4.378;False;False;False;True;False;False
27;2;19;31577042;5;27;5.197;False;True;True;True;False;False
64;3;12;13608766;9;1;9.313;False;True;False;True;False;False
10;2;31;55257582;5;9;5.268;False;False;True;True;False;False
63;3;12;13837136;0;0;3.311;False;False;False;True;False;False
56;4;13;15525092;4;0;6.816;False;False;False;True;False;False
7;2;37;68026371;2;7;3.52;False;False;True;True;False;False
24;3;20;35378868;0;0;3.343;False;False;False;True;False;False
9;4;33;58935161;5;1;7.059;False;False;False;True;False;False
49;2;14;17686218;8;6;7.029;False;False;True;True;False;False
38;3;16;22672237;10;0;8.462;False;False;False;True;False;False
14;4;26;44225747;0;0;4.364;False;False;False;True;False;False
6;4;40;73692520;0;0;4.23;False;False;False;True;False;False
44;2;15;19669222;11;44;8.544;False;False;True;True;False;False
10;2;31;55262499;1;10;3.041;False;False;False;True;False;False
42;4;15;20576124;0;0;4.31;False;False;False;True;False;False
4;3;50;88428134;4;0;4.965;False;False;False;True;False;False
8;2;35;63153488;5;7;5.21;False;False;True;True;False;False
40;4;15;21567552;0;0;4.36;False;False;False;True;False;False
9;2;33;58957419;4;9;4.602;False;False;True;True;False;False
60;4;12;14497037;0;0;4.378;False;False;False;True;False;False
64;2;12;13629795;9;4;7.958;False;True;True;True;False;False
17;2;24;49122807;4;17;4.802;False;False;True;True;False;False
35;3;16;24573793;8;1;7.9;False;False;False;True;False;False
62;2;12;14058728;4;4;5.069;False;True;True;True;False;False
13;4;27;46547562;6;0;7.893;False;False;False;True;False;False
39;3;16;22128685;5;0;5.577;False;False;False;True;False;False
57;3;13;15258864;0;0;3.387;False;False;False;True;False;False
4;3;50;88418726;0;0;3.291;False;False;False;True;False;False
30;3;18;28543987;0;0;3.239;False;False;False;True;False;False
37;2;16;23276936;6;4;6.214;False;False;True;True;False;False
18;3;23;46534456;4;4;5.81;False;True;True;True;False;False
34;3;17;25275707;7;5;7.391;False;False;True;True;False;False
39;2;16;22102650;7;3;6.54;False;False;False;True;False;False
18;3;23;46534070;2;1;4.725;False;False;False;True;False;False
18;3;23;46541082;4;2;5.139;False;True;False;True;False;False
56;2;13;15538381;11;56;9.374;False;False;False;True;False;False
34;3;17;25258175;4;4;6.181;False;False;True;True;False;False
63;4;12;13830853;10;3;10.239;False;False;True;True;False;False
58;2;13;15012274;8;2;7.057;False;False;False;True;False;False
63;2;12;13843735;3;0;4.372;False;False;False;True;False;False
27;4;19;31594313;0;0;4.372;False;False;False;True;False;False
51;4;14;17024387;0;0;4.31;False;False;False;True;False;False
37;3;16;23275789;12;0;9.301;False;False;False;True;False;False
47;2;14;18423707;3;47;4.485;False;False;False;True;False;False
4;2;50;88404199;1;4;2.965;False;False;False;True;False;False
49;3;14;17686290;4;6;6.115;False;True;True;True;False;False
50;3;14;17348215;6;21;6.965;False;True;True;True;False;False
40;3;15;21573120;6;40;7.098;False;False;True;True;False;False
9;2;33;58942857;1;9;3.04;False;False;False;True;False;False
24;2;20;35391187;2;2;3.676;False;False;False;True;False;False
25;4;20;34019837;2;0;5.554;False;False;False;True;False;False
40;2;15;21566958;7;5;6.206;False;True;True;True;False;False
54;3;13;16094661;0;0;3.256;False;False;False;True;False;False
42;2;15;20563350;9;42;7.728;False;True;True;True;False;False
41;3;15;21071731;3;10;5.138;False;False;True;True;False;False
33;3;17;26019547;9;0;8.468;False;False;False;True;False;False
8;2;35;63154781;2;8;3.525;False;False;True;True;False;False
48;4;14;18068671;0;0;4.323;False;False;False;True;False;False
34;4;17;25282799;6;0;7.644;False;False;False;True;False;False
38;3;16;22695857;6;1;7.154;False;True;False;True;False;False
44;3;15;19666493;0;0;3.499;False;False;False;True;False;False
32;4;17;26794482;0;0;4.244;False;False;False;True;False;False
50;4;14;17343449;2;0;5.532;False;False;False;True;False;False
21;3;21;40214435;2;1;4.519;False;False;False;True;False;False
63;3;12;13821768;0;0;3.241;False;False;False;True;False;False
18;4;23;46530626;0;0;4.286;False;False;False;True;False;False
17;4;24;49126371;6;0;7.611;False;False;False;True;False;False
10;3;31;55261827;3;2;5.105;False;False;True;True;False;False
39;4;16;22129231;0;0;4.293;False;False;False;True;False;False
20;2;22;42098741;1;20;2.996;False;False;False;True;False;False
14;4;26;44201175;0;0;4.299;False;False;False;True;False;False
52;4;13;16704615;0;0;4.303;False;False;False;True;False;False
27;2;19;31585388;4;27;4.648;False;False;True;True;False;False
49;2;14;17683476;7;49;6.463;False;True;True;True;False;False
56;2;13;15509606;8;56;6.645;False;True;True;True;False;False
30;4;18;28524102;0;0;4.358;False;False;False;True;False;False
37;4;16;23288632;2;11;5.571;False;False;True;True;False;False
50;3;14;17365195;8;0;7.17;False;False;False;True;False;False
28;2;18;30511119;5;4;5.331;False;True;True;True;False;False
42;4;15;20560680;6;0;7.102;False;False;False;True;False;False
32;2;17;26813761;3;32;4.405;False;True;True;True;False;False
62;4;12;14058791;0;0;4.291;False;False;False;True;False;False
11;2;30;52001677;4;11;4.615;False;False;True;True;False;False
11;3;30;52014889;4;11;5.517;False;False;True;True;False;False
29;2;18;29470142;0;29;2.363;False;False;False;True;False;False
22;2;21;38455881;4;2;4.719;False;False;False;True;False;False
64;3;12;13628493;6;1;7.319;False;False;False;True;False;False
34;2;17;25286930;7;4;6.577;False;False;True;True;False;False
25;2;20;34024795;3;15;4.224;False;False;False;True;False;False
32;4;17;26791363;5;1;7.237;False;False;False;True;False;False
60;2;12;14506027;7;56;6.269;False;False;True;True;False;False
19;2;22;44203425;6;19;5.761;False;False;True;True;False;False
8;2;35;63165428;2;8;3.528;False;False;True;True;False;False
64;4;12;13622894;6;0;7.232;False;False;False;True;False;False
56;2;13;15519986;11;47;8.851;False;False;True;True;False;False
52;3;13;16702647;0;0;3.316;False;False;False;True;False;False
5;4;44;80388852;0;0;4.248;False;False;False;True;False;False
6;2;40;73683639;5;6;5.03;False;False;True;True;False;False
36;4;16;23918515;0;0;4.286;False;False;False;True;False;False
31;3;17;27648037;0;0;3.3;False;False;False;True;False;False
44;4;15;19657908;0;0;4.296;False;False;False;True;False;False
49;2;14;17686491;8;49;6.995;False;False;True;True;False;False
30;3;18;28540514;0;0;3.29;False;False;False;True;False;False
42;4;15;20577593;0;0;4.295;False;False;False;True;False;False
33;4;17;26014336;0;0;4.285;False;False;False;True;False;False
29;3;18;29491063;0;0;3.312;False;False;False;True;False;False
13;2;27;46531022;4;10;4.61;False;False;True;True;False;False
10;3;31;55256497;2;1;4.474;False;False;False;True;False;False
49;4;14;17686377;0;0;4.411;False;False;False;True;False;False
39;4;16;22103412;0;0;4.302;False;False;False;True;False;False
43;4;15;20111151;0;0;4.359;False;False;False;True;False;False
8;2;35;63158678;1;8;2.906;False;False;False;True;False;False
57;2;13;15251416;6;22;5.871;False;False;True;True;False;False
52;4;13;16686910;0;0;4.298;False;False;False;True;False;False
48;4;14;18065709;0;0;4.355;False;False;False;True;False;False
61;3;12;14273085;0;0;3.318;False;False;False;True;False;False
39;2;16;22126954;7;39;6.422;False;True;True;True;False;False
12;3;28;49138688;0;0;3.409;False;False;False;True;False;False
30;4;18;28539731;0;0;4.309;False;False;False;True;False;False
62;3;12;14059274;0;0;3.392;False;False;False;True;False;False
48;4;14;18049384;0;0;4.291;False;False;False;True;False;False
29;4;18;29491416;0;0;4.389;False;False;False;True;False;False
43;3;15;20102165;0;0;3.397;False;False;False;True;False;False
25;2;20;34014070;4;1;4.706;False;False;False;True;False;False
17;3;24;49120439;7;4;7.316;False;False;True;True;False;False
7;4;37;68008956;0;0;4.319;False;False;False;True;False;False
38;3;16;22693803;6;2;6.749;False;False;True;True;False;False
13;3;27;46546519;3;2;4.974;False;False;True;True;False;False
19;4;22;44229713;6;0;7.678;False;False;False;True;False;False
11;4;30;52018109;3;0;5.99;False;False;False;True;False;False
9;3;33;58935877;1;9;3.91;False;False;False;True;False;False
5;4;44;80394387;0;0;4.257;False;False;False;True;False;False
24;3;20;35370212;0;0;3.328;False;False;False;True;False;False
57;4;13;15266484;0;0;4.289;False;False;False;True;False;False
5;4;44;80375167;0;0;4.276;False;False;False;True;False;False
34;2;17;25281646;8;34;7.159;False;False;True;True;False;False
55;2;13;15789564;7;14;6.525;False;False;True;True;False;False
40;4;15;21572273;0;0;4.305;False;False;False;True;False;False
62;3;12;14052940;0;0;3.243;False;False;False;True;False;False
48;2;14;18070641;5;1;5.367;False;False;False;True;False;False
23;4;20;36856614;0;0;4.24;False;False;False;True;False;False
58;2;13;14991187;5;28;5.298;False;False;True;True;False;False
23;3;20;36857654;0;0;3.334;False;False;False;True;False;False
19;2;22;44206382;4;19;4.749;False;False;True;True;False;False
52;4;13;16687464;0;0;4.294;False;False;False;True;False;False
60;3;12;14510097;6;0;6.167;False;False;False;True;False;False
30;2;18;28525592;5;30;5.197;False;True;True;True;False;False
9;3;33;58958486;5;1;6.167;False;False;False;True;False;False
6;4;40;73682695;4;0;6.018;False;False;False;True;False;False
7;4;37;68002226;0;0;4.401;False;False;False;True;False;False
55;2;13;15799590;12;0;9.159;False;False;False;True;False;False
50;3;14;17339409;8;0;7.756;False;False;False;True;False;False
52;3;13;16683866;7;0;6.673;False;False;False;True;False;False
8;3;35;63151926;4;1;5.537;False;False;False;True;False;False
33;4;17;26029680;0;0;4.241;False;False;False;True;False;False
23;3;20;36855378;4;23;5.612;False;True;True;True;False;False
17;2;24;49135778;5;16;5.301;False;True;True;True;False;False
26;2;19;32758422;2;2;3.568;False;False;False;True;False;False
10;3;31;55260985;1;0;3.92;False;False;False;True;False;False
64;2;12;13621217;10;4;8.069;False;True;True;True;False;False
57;2;13;15253121;8;1;6.949;False;False;False;True;False;False
47;2;14;18426523;6;47;5.869;False;True;True;True;False;False
60;4;12;14511152;0;0;4.294;False;False;False;True;False;False
14;3;26;44222303;0;0;3.428;False;False;False;True;False;False
46;4;14;18810675;0;0;4.305;False;False;False;True;False;False
36;3;16;23906405;7;0;6.779;False;False;False;True;False;False
30;3;18;28533351;0;0;3.382;False;False;False;True;False;False
7;2;37;68002917;3;7;3.997;False;False;True;True;False;False
44;3;15;19646885;6;16;6.789;False;False;True;True;False;False
49;2;14;17709107;7;3;6.529;False;False;True;True;False;False
19;2;22;44226784;4;16;4.89;False;False;True;True;False;False
35;4;16;24579535;4;0;6.588;False;False;False;True;False;False
35;4;16;24559069;0;0;4.256;False;False;False;True;False;False
62;3;12;14039884;0;0;3.25;False;False;False;True;False;False
54;3;13;16087771;3;0;5.176;False;False;False;True;False;False
30;3;18;28522710;0;0;3.25;False;False;False;True;False;False
30;4;18;28532222;0;0;4.311;False;False;False;True;False;False
33;2;17;26031133;7;33;6.492;False;False;True;True;False;False
7;2;37;68002088;0;7;2.343;False;False;False;True;False;False
57;4;13;15264551;0;0;4.298;False;False;False;True;False;False
48;4;14;18055057;0;0;4.302;False;False;False;True;False;False
60;4;12;14499254;0;0;4.295;False;False;False;True;False;False
45;4;14;19232819;0;0;4.297;False;False;False;True;False;False
41;4;15;21079488;0;0;4.298;False;False;False;True;False;False
32;3;17;26799835;0;0;3.446;False;False;False;True;False;False
46;3;14;18822618;0;0;3.374;False;False;False;True;False;False
27;4;19;31574976;0;0;4.352;False;False;False;True;False;False
61;4;12;14260196;0;0;4.298;False;False;False;True;False;False
48;4;14;18068111;0;0;4.299;False;False;False;True;False;False
7;2;37;68017018;0;7;2.302;False;False;False;True;False;False
52;3;13;16709605;6;32;6.922;False;False;True;True;False;False
46;4;14;18833407;0;0;4.304;False;False;False;True;False;False
49;3;14;17703032;0;0;3.303;False;False;False;True;False;False
16;3;25;52001786;4;14;5.765;False;False;True;True;False;False
31;3;17;27641548;0;0;3.294;False;False;False;True;False;False
10;3;31;55250989;3;5;5.01;False;False;True;True;False;False
48;3;14;18041089;9;0;7.795;False;False;False;True;False;False
4;4;50;88406557;0;0;4.388;False;False;False;True;False;False
50;4;14;17351902;0;0;4.303;False;False;False;True;False;False
6;3;40;73696631;2;6;4.525;False;False;True;True;False;False
33;3;17;26007198;5;33;6.461;False;False;True;True;False;False
36;3;16;23911611;4;4;5.769;False;False;True;True;False;False
24;3;20;35377440;5;0;6.161;False;False;False;True;False;False
40;3;15;21562494;5;0;5.702;False;False;False;True;False;False
23;3;20;36859937;2;0;4.608;False;False;False;True;False;False
48;4;14;18051954;0;0;4.232;False;False;False;True;False;False
41;3;15;21051206;0;0;3.39;False;False;False;True;False;False
36;2;16;23906902;7;36;6.785;False;False;False;True;False;False
46;2;14;18810781;7;3;6.84;False;False;False;True;False;False
9;2;33;58937095;3;9;4.198;False;False;True;True;False;False
7;3;37;68018209;4;1;5.674;False;False;False;True;False;False
38;2;16;22669247;6;5;5.453;False;False;True;True;False;False
39;2;16;22113380;5;14;5.435;False;False;True;True;False;False
55;4;13;15792645;0;0;4.32;False;False;False;True;False;False
52;2;13;16704869;6;2;5.376;False;True;False;True;False;False
48;3;14;18062949;9;0;8.366;False;False;False;True;False;False
24;3;20;35376353;5;0;5.547;False;False;False;True;False;False
49;3;14;17685003;11;0;8.857;False;False;False;True;False;False
31;2;17;27656055;7;0;6.343;False;False;False;True;False;False
5;2;44;80369306;3;5;3.973;False;False;True;True;False;False
10;2;31;55270654;1;10;2.958;False;False;False;True;False;False
26;4;19;32764183;0;0;4.273;False;False;False;True;False;False
26;2;19;32768259;5;2;4.78;False;False;False;True;False;False
37;3;16;23272965;5;1;6.347;False;False;False;True;False;False
14;2;26;44217851;2;7;3.607;False;True;True;True;False;False
51;4;14;17026553;0;0;4.363;False;False;False;True;False;False
27;3;19;31573457;3;1;5.054;False;False;False;True;False;False
50;3;14;17353011;0;0;3.299;False;False;False;True;False;False
28;2;18;30512774;4;4;4.256;False;True;True;True;False;False
47;2;14;18419585;4;22;4.909;False;False;True;True;False;False
45;3;14;19244616;5;1;6.217;False;False;False;True;False;False
40;3;15;21562425;4;2;5.802;False;False;True;True;False;False
57;2;13;15264620;4;1;4.901;False;False;False;True;False;False
57;3;13;15265924;0;0;3.232;False;False;False;True;False;False
26;3;19;32769749;0;0;3.317;False;False;False;True;False;False
21;2;21;40204074;7;2;6.361;False;False;False;True;False;False
53;3;13;16391800;3;0;4.522;False;False;False;True;False;False
38;3;16;22680836;2;0;4.555;False;False;False;True;False;False
6;3;40;73684946;2;6;4.529;False;False;True;True;False;False
49;3;14;17689396;5;15;6.324;False;False;True;True;False;False
9;4;33;58964667;0;0;4.23;False;False;False;True;False;False
32;2;17;26807804;4;3;4.866;False;False;True;True;False;False
26;3;19;32755169;0;0;3.33;False;False;False;True;False;False
20;2;22;42112096;7;2;6.324;False;False;False;True;False;False
60;3;12;14506699;0;0;3.329;False;False;False;True;False;False
58;4;13;14993448;0;0;4.309;False;False;False;True;False;False
35;4;16;24586928;7;7;8.394;False;False;True;True;False;False
50;3;14;17365710;7;0;7.257;False;False;False;True;False;False
50;3;14;17354625;6;0;6.084;False;False;False;True;False;False
22;2;21;38462458;4;22;4.774;False;False;True;True;False;False
7;4;37;68017639;3;1;5.963;False;False;False;True;False;False
63;2;12;13817770;6;63;5.91;False;True;True;True;False;False
27;2;19;31596977;3;5;4.166;False;True;True;True;False;False
44;2;15;19663580;8;1;7.153;False;False;False;True;False;False
54;2;13;16101302;9;54;7.512;False;True;True;True;False;False
47;2;14;18438759;5;47;5.672;False;False;False;True;False;False
17;2;24;49140907;2;17;3.615;False;False;True;True;False;False
37;3;16;23266866;3;4;5.472;False;True;True;True;False;False
42;2;15;20559621;6;42;6.325;False;True;True;True;False;False
60;3;12;14509358;7;32;7.709;False;False;True;True;False;False
38;3;16;22691912;5;1;6.45;False;False;False;True;False;False
61;2;12;14284690;8;61;6.474;False;True;True;True;False;False
30;2;18;28516870;9;1;6.914;False;False;False;True;False;False
40;2;15;21580120;4;40;5.078;False;False;False;True;False;False
36;4;16;23898976;4;1;6.714;False;False;False;True;False;False
25;3;20;34013703;6;19;6.713;False;False;True;True;False;False
24;2;20;35362729;4;1;4.997;False;True;False;True;False;False
33;3;17;26031757;7;33;7.704;False;False;True;True;False;False
33;4;17;26020528;8;0;8.777;False;False;False;True;False;False
19;2;22;44205513;6;10;5.822;False;True;True;True;False;False
12;4;28;49128827;0;0;4.306;False;False;False;True;False;False
45;4;14;19230429;0;0;4.303;False;False;False;True;False;False
36;2;16;23918114;3;2;4.308;False;False;False;True;False;False
35;2;16;24564555;4;4;5.052;False;False;True;True;False;False
53;2;13;16373977;6;53;5.922;False;False;True;True;False;False
62;2;12;14054339;11;1;8.62;False;False;False;True;False;False
56;3;13;15512915;7;0;7.37;False;False;False;True;False;False
45;3;14;19242144;7;0;6.757;False;False;False;True;False;False
26;4;19;32751127;0;0;4.307;False;False;False;True;False;False
23;2;20;36862717;4;2;4.755;False;False;False;True;False;False
56;3;13;15517199;0;0;3.416;False;False;False;True;False;False
11;2;30;52012259;5;11;5.226;False;False;True;True;False;False
6;2;40;73685529;3;6;3.987;False;False;True;True;False;False
6;3;40;73670033;3;2;5.03;False;False;True;True;False;False
40;4;15;21588599;0;0;4.306;False;False;False;True;False;False
46;4;14;18808878;0;0;4.293;False;False;False;True;False;False
26;4;19;32747306;0;0;4.304;False;False;False;True;False;False
32;3;17;26810795;4;0;5.753;False;False;False;True;False;False
29;3;18;29487280;0;0;3.346;False;False;False;True;False;False
47;4;14;18425689;0;0;4.328;False;False;False;True;False;False
47;2;14;18441424;6;47;5.953;False;False;True;True;False;False
27;4;19;31571890;0;0;4.326;False;False;False;True;False;False
6;3;40;73691616;2;3;4.509;False;False;True;True;False;False
11;2;30;52015862;3;11;4.053;False;False;True;True;False;False
31;4;17;27643190;0;0;4.291;False;False;False;True;False;False
55;2;13;15806760;5;36;5.584;False;False;True;True;False;False
22;2;21;38444778;3;8;4.196;False;True;True;True;False;False
44;2;15;19651880;4;24;4.767;False;False;True;True;False;False
56;3;13;15519201;0;0;3.417;False;False;False;True;False;False
14;4;26;44206719;0;0;4.292;False;False;False;True;False;False
6;4;40;73687658;0;0;4.245;False;False;False;True;False;False
14;3;26;44205662;2;0;4.464;False;False;False;True;False;False
54;4;13;16090065;0;0;4.358;False;False;False;True;False;False
43;4;15;20099137;0;0;4.298;False;False;False;True;False;False
47;3;14;18427048;3;11;5.177;False;False;True;True;False;False
14;4;26;44207096;0;0;4.296;False;False;False;True;False;False
47;4;14;18439924;0;0;4.327;False;False;False;True;False;False
43;2;15;20109936;5;43;5.443;False;False;True;True;False;False
23;3;20;36861815;5;23;6.133;False;False;True;True;False;False
32;2;17;26814268;6;3;6.232;False;False;False;True;False;False
52;2;13;16686398;6;52;5.797;False;False;True;True;False;False
6;2;40;73697268;4;6;4.584;False;False;True;True;False;False
36;4;16;23894278;5;0;7.134;False;False;False;True;False;False
15;4;25;42113537;0;0;4.303;False;False;False;True;False;False
33;4;17;26004655;4;3;6.623;False;False;True;True;False;False
18;4;23;46552221;0;0;4.226;False;False;False;True;False;False
30;3;18;28519881;0;0;3.321;False;False;False;True;False;False
52;3;13;16686104;7;0;7.242;False;False;False;True;False;False
24;4;20;35373645;0;0;4.31;False;False;False;True;False;False
16;2;25;52022044;3;3;4.216;False;False;False;True;False;False
9;2;33;58943853;3;9;3.965;False;False;True;True;False;False
54;2;13;16077660;5;1;5.394;False;False;False;True;False;False
34;2;17;25278268;5;34;5.502;False;False;True;True;False;False
14;3;26;44230331;0;0;3.37;False;False;False;True;False;False
47;4;14;18416935;7;1;8.498;False;False;False;True;False;False
5;2;44;80390787;1;5;2.95;False;False;False;True;False;False
50;2;14;17348602;4;5;5.183;False;False;True;True;False;False
28;2;18;30497928;3;5;4.186;False;True;True;True;False;False
10;4;31;55265435;0;0;4.302;False;False;False;True;False;False
27;4;19;31579596;0;0;4.296;False;False;False;True;False;False
13;2;27;46551012;3;1;4.228;False;False;False;True;False;False
35;3;16;24566656;6;2;6.853;False;False;True;True;False;False
41;2;15;21067655;10;41;8.269;False;False;True;True;False;False
34;4;17;25278032;5;0;7.179;False;False;False;True;False;False
46;4;14;18833798;7;46;8.318;False;False;True;True;False;False
48;3;14;18056628;16;1;9.046;False;False;False;True;False;False
17;2;24;49112747;3;14;4.242;False;False;True;True;False;False
49;2;14;17688758;9;49;7.561;False;True;True;True;False;False
63;2;12;13838414;8;2;7.019;False;False;False;True;False;False
43;3;15;20103515;7;0;6.648;False;False;False;True;False;False
47;2;14;18438586;5;47;5.593;False;False;False;True;False;False
47;4;14;18443769;6;0;8.003;False;False;False;True;False;False
50;4;14;17349434;7;0;8.346;False;False;False;True;False;False
63;3;12;13842827;10;63;8.502;False;True;True;True;False;False
27;2;19;31600232;7;1;6.759;False;True;False;True;False;False
22;2;21;38439266;6;3;5.892;False;False;True;True;False;False
12;2;28;49129804;1;12;2.964;False;False;False;True;False;False
50;2;14;17362932;10;4;7.641;False;True;True;True;False;False
55;4;13;15797375;1;0;4.908;False;False;False;True;False;False
39;3;16;22103813;7;10;7.553;False;False;True;True;False;False
52;3;13;16704704;0;0;3.269;False;False;False;True;False;False
5;3;44;80374011;4;5;5.529;False;False;True;True;False;False
10;3;31;55280336;1;10;3.922;False;False;True;True;False;False
8;2;35;63162314;3;8;4.06;False;False;True;True;False;False
28;4;18;30500449;0;0;4.31;False;False;False;True;False;False
5;4;44;80389428;0;0;4.244;False;False;False;True;False;False
19;4;22;44211933;6;2;7.75;False;False;False;True;False;False
10;3;31;55271716;1;10;3.93;False;False;False;True;False;False
50;4;14;17354446;0;0;4.374;False;False;False;True;False;False
46;3;14;18826748;4;0;5.156;False;False;False;True;False;False
51;2;14;17017008;7;38;6.451;False;False;True;True;False;False
14;2;26;44230106;4;14;4.621;False;True;True;True;False;False
30;2;18;28546747;4;1;4.664;False;False;False;True;False;False
58;2;13;15005978;7;10;6.506;False;False;False;True;False;False
47;2;14;18448155;6;1;6.345;False;True;False;True;False;False
23;4;20;36857320;0;0;4.327;False;False;False;True;False;False
5;2;44;80373763;1;5;2.943;False;False;False;True;False;False
55;3;13;15798882;3;1;5.412;False;False;False;True;False;False
10;3;31;55277794;6;4;6.665;False;False;True;True;False;False
28;3;18;30513729;0;0;3.266;False;False;False;True;False;False
34;4;17;25265555;6;0;7.126;False;False;False;True;False;False
23;2;20;36835073;5;13;5.214;False;False;True;True;False;False
59;4;13;14761046;0;0;4.332;False;False;False;True;False;False
11;4;30;52002277;0;0;4.269;False;False;False;True;False;False
31;4;17;27633704;0;0;4.299;False;False;False;True;False;False
34;4;17;25289093;0;0;4.319;False;False;False;True;False;False
57;2;13;15246022;5;1;5.399;False;False;False;True;False;False
12;2;28;49136060;2;12;3.537;False;False;True;True;False;False
58;2;13;15007338;9;58;7.4;False;True;True;True;False;False
48;2;14;18067672;6;1;6.045;False;False;False;True;False;False
32;4;17;26814761;0;0;4.252;False;False;False;True;False;False
44;3;15;19674628;8;0;7.308;False;False;False;True;False;False
55;4;13;15789129;0;0;4.303;False;False;False;True;False;False
18;2;23;46552049;5;18;5.217;False;False;True;True;False;False
19;2;22;44232501;5;6;5.361;False;False;True;True;False;False
61;2;12;14277894;8;0;6.435;False;False;False;True;False;False
54;2;13;16104490;5;1;5.581;False;True;False;True;False;False
54;4;13;16090975;6;0;7.99;False;False;False;True;False;False
46;3;14;18808695;0;0;3.469;False;False;False;True;False;False
55;3;13;15812973;4;0;5.923;False;False;False;True;False;False
35;3;16;24556841;9;2;8.502;False;False;False;True;False;False
48;4;14;18048571;0;0;4.296;False;False;False;True;False;False
40;3;15;21587572;8;0;7.144;False;False;False;True;False;False
37;3;16;23267703;10;0;8.428;False;False;False;True;False;False
27;2;19;31577619;5;27;5.214;False;True;True;True;False;False
42;2;15;20568479;8;42;7.067;False;False;True;True;False;False
45;2;14;19235784;2;45;3.778;False;False;False;True;False;False
41;3;15;21059753;5;4;6.691;False;False;True;True;False;False
20;4;22;42107438;6;0;7.694;False;False;False;True;False;False
11;4;30;52013656;14;0;12.459;False;False;False;True;False;False
61;3;12;14274406;0;0;3.411;False;False;False;True;False;False
9;3;33;58940828;3;2;5.009;False;False;True;True;False;False
55;3;13;15790041;4;0;5.681;False;False;False;True;False;False
62;4;12;14058617;0;0;4.301;False;False;False;True;False;False
25;2;20;34027959;5;1;4.874;False;True;False;True;False;False
23;2;20;36854073;4;23;4.623;False;False;True;True;False;False
21;3;21;40193561;7;1;7.323;False;False;False;True;False;False
21;3;21;40191771;4;0;5.555;False;False;False;True;False;False
20;4;22;42126340;0;0;4.404;False;False;False;True;False;False
58;4;13;14993092;0;0;4.304;False;False;False;True;False;False
13;3;27;46558515;0;0;3.383;False;False;False;True;False;False
64;3;12;13622091;3;2;5.764;False;True;False;True;False;False
19;4;22;44214022;8;19;8.345;False;False;True;True;False;False
20;2;22;42104687;3;20;4.376;False;False;True;True;False;False
11;3;30;52013023;4;1;5.571;False;False;False;True;False;False
40;4;15;21591481;5;0;6.573;False;False;False;True;False;False
8;2;35;63164812;4;4;4.635;False;False;True;True;False;False
54;4;13;16092245;0;0;4.299;False;False;False;True;False;False
62;3;12;14043133;5;0;5.682;False;False;False;True;False;False
58;2;13;14996985;9;58;7.449;False;False;True;True;False;False
28;4;18;30514767;0;0;4.3;False;False;False;True;False;False
33;3;17;26012543;2;1;4.744;False;False;False;True;False;False
38;2;16;22672488;7;38;6.962;False;False;False;True;False;False
19;3;22;44215701;5;19;6.328;False;False;True;True;False;False
61;4;12;14264587;10;0;9.999;False;False;False;True;False;False
19;3;22;44213889;4;19;5.731;False;False;True;True;False;False
27;4;19;31602462;0;0;4.349;False;False;False;True;False;False
23;4;20;36863291;0;0;4.244;False;False;False;True;False;False
48;3;14;18052814;5;0;5.728;False;False;False;True;False;False
14;4;26;44211271;0;0;4.306;False;False;False;True;False;False
47;4;14;18429777;0;0;4.306;False;False;False;True;False;False
55;4;13;15800330;0;0;4.321;False;False;False;True;False;False
35;4;16;24586684;6;0;7.701;False;False;False;True;False;False
42;4;15;20590700;0;0;4.319;False;False;False;True;False;False
57;3;13;15254322;0;0;3.267;False;False;False;True;False;False
36;2;16;23911338;2;36;3.827;False;False;True;True;False;False
13;2;27;46530863;1;9;3.095;False;False;False;True;False;False
15;4;25;42115709;6;0;7.962;False;False;False;True;False;False
7;2;37;68011340;2;7;3.53;False;False;True;True;False;False
54;3;13;16088557;8;54;7.427;False;True;True;True;False;False
45;3;14;19224232;0;0;3.371;False;False;False;True;False;False
46;2;14;18824832;4;46;4.949;False;False;True;True;False;False
56;3;13;15540268;8;14;8.146;False;False;True;True;False;False
6;4;40;73684964;0;0;4.281;False;False;False;True;False;False
56;3;13;15520263;10;14;9.213;False;False;True;True;False;False
24;4;20;35374995;0;0;4.27;False;False;False;True;False;False
16;2;25;52009287;3;16;4.197;False;False;True;True;False;False
14;4;26;44213033;0;0;4.358;False;False;False;True;False;False
13;2;27;46558542;1;13;2.926;False;False;False;True;False;False
59;4;13;14760860;1;0;4.923;False;False;False;True;False;False
24;2;20;35374933;5;24;5.259;False;False;True;True;False;False
47;4;14;18430556;2;0;5.501;False;False;False;True;False;False
56;4;13;15537350;0;0;4.321;False;False;False;True;False;False
64;3;12;13606957;6;1;7.584;False;True;False;True;False;False
31;2;17;27629577;8;4;7.135;False;False;True;True;False;False
18;4;23;46528136;5;2;7.233;False;False;False;True;False;False
62;3;12;14039584;11;0;8.919;False;False;False;True;False;False
25;3;20;34002064;6;1;6.609;False;False;False;True;False;False
49;2;14;17705400;5;3;5.05;False;False;True;True;False;False
49;2;14;17703720;10;5;7.677;False;True;True;True;False;False
56;4;13;15521034;0;0;4.296;False;False;False;True;False;False
24;4;20;35384069;0;0;4.297;False;False;False;True;False;False
21;2;21;40195706;6;8;5.816;False;False;True;True;False;False
57;3;13;15271417;0;0;3.484;False;False;False;True;False;False
40;4;15;21561569;0;0;4.305;False;False;False;True;False;False
12;2;28;49135905;2;12;3.558;False;False;True;True;False;False
51;3;14;17026777;0;0;3.304;False;False;False;True;False;False
42;3;15;20569419;6;10;6.863;False;False;True;True;False;False
48;4;14;18065923;0;0;4.308;False;False;False;True;False;False
31;3;17;27627391;0;0;3.368;False;False;False;True;False;False
11;3;30;52026640;3;1;5.083;False;False;False;True;False;False
46;4;14;18829186;0;0;4.241;False;False;False;True;False;False
27;4;19;31596228;0;0;4.306;False;False;False;True;False;False
56;4;13;15515712;0;0;4.302;False;False;False;True;False;False
64;3;12;13602473;7;1;7.712;False;False;False;True;False;False
42;4;15;20577238;0;0;4.322;False;False;False;True;False;False
51;4;14;17029155;0;0;4.249;False;False;False;True;False;False
64;3;12;13620303;4;64;6.041;False;False;True;True;False;False
12;3;28;49121575;4;3;5.528;False;False;True;True;False;False
26;2;19;32765606;4;2;4.163;False;False;False;True;False;False
45;4;14;19236081;0;0;4.298;False;False;False;True;False;False
45;4;14;19221497;0;0;4.291;False;False;False;True;False;False
46;4;14;18817322;0;0;4.305;False;False;False;True;False;False
6;3;40;73682775;2;1;4.423;False;False;False;True;False;False
53;3;13;16375816;0;0;3.31;False;False;False;True;False;False
12;3;28;49132253;0;0;3.325;False;False;False;True;False;False
46;2;14;18839469;8;4;6.71;False;True;True;True;False;False
12;4;28;49142109;0;0;4.305;False;False;False;True;False;False
38;2;16;22687609;4;38;5.098;False;False;False;True;False;False
30;4;18;28535700;8;0;9.216;False;False;False;True;False;False
20;4;22;42096371;0;0;4.338;False;False;False;True;False;False
4;2;50;88430922;2;4;3.595;False;False;True;True;False;False
63;2;12;13844990;9;57;7.9;False;False;True;True;False;False
56;2;13;15517045;3;1;3.751;False;False;False;True;False;False
6;2;40;73668278;2;6;3.44;False;False;True;True;False;False
46;4;14;18834127;0;0;4.291;False;False;False;True;False;False
35;2;16;24587409;13;3;9.273;False;False;True;True;False;False
62;4;12;14057393;0;0;4.304;False;False;False;True;False;False
37;2;16;23273962;8;3;7.223;False;False;True;True;False;False
53;4;13;16399279;0;0;4.296;False;False;False;True;False;False
52;3;13;16698494;6;0;6.702;False;False;False;True;False;False
47;3;14;18434022;6;18;6.822;False;False;True;True;False;False
28;2;18;30491864;1;1;2.998;False;False;False;True;False;False
59;2;13;14747741;4;1;4.798;False;False;False;True;False;False
50;3;14;17364271;0;0;3.309;False;False;False;True;False;False
11;2;30;52016656;4;11;4.7;False;False;True;True;False;False
36;3;16;23918082;6;36;7.051;False;False;True;True;False;False
34;3;17;25265206;2;34;4.832;False;False;False;True;False;False
14;2;26;44225072;1;14;2.949;False;True;False;True;False;False
52;3;13;16698401;4;0;5.172;False;False;False;True;False;False
28;2;18;30512335;6;2;5.271;False;False;False;True;False;False
19;2;22;44230479;7;19;6.273;False;False;True;True;False;False
61;2;12;14263484;3;61;3.823;False;True;True;True;False;False
37;2;16;23284839;5;10;5.431;False;False;True;True;False;False
11;4;30;52010648;0;0;4.313;False;False;False;True;False;False
48;4;14;18071075;0;0;4.308;False;False;False;True;False;False
29;4;18;29469375;0;0;4.295;False;False;False;True;False;False
60;2;12;14512559;5;0;5.331;False;False;False;True;False;False
16;4;25;52002686;0;0;4.302;False;False;False;True;False;False
31;2;17;27636746;5;1;5.266;False;False;False;True;False;False
55;2;13;15786484;9;55;8.235;False;False;False;True;False;False
5;3;44;80394217;5;5;6.223;False;False;True;True;False;False
59;2;13;14746679;9;4;7.914;False;False;False;True;False;False
29;4;18;29467171;0;0;4.282;False;False;False;True;False;False
42;3;15;20584796;2;1;4.677;False;False;False;True;False;False
27;3;19;31583435;0;0;3.238;False;False;False;True;False;False
42;2;15;20584737;6;2;6.027;False;False;False;True;False;False
26;2;19;32770345;5;1;5.302;False;False;False;True;False;False
61;4;12;14265316;0;0;4.331;False;False;False;True;False;False
51;3;14;17004924;0;0;3.358;False;False;False;True;False;False
19;4;22;44206055;4;0;6.555;False;False;False;True;False;False
26;4;19;32746239;0;0;4.313;False;False;False;True;False;False
20;3;22;42112117;3;20;5.114;False;False;True;True;False;False
59;4;13;14746402;0;0;4.386;False;False;False;True;False;False
46;2;14;18833429;7;1;5.828;False;False;False;True;False;False
61;2;12;14273948;3;61;4.265;False;True;True;True;False;False
25;2;20;34020548;6;25;6.037;False;False;False;True;False;False
45;3;14;19233236;0;0;3.471;False;False;False;True;False;False
31;3;17;27632469;3;0;5.097;False;False;False;True;False;False
24;3;20;35377544;4;17;5.583;False;False;True;True;False;False
7;2;37;68007962;1;7;2.998;False;False;False;True;False;False
56;2;13;15516962;11;1;8.15;False;False;False;True;False;False
8;3;35;63172623;2;6;4.535;False;False;True;True;False;False
41;2;15;21071224;6;41;6.238;False;False;False;True;False;False
30;2;18;28528402;4;3;4.785;False;False;True;True;False;False
44;3;15;19670259;8;2;8.11;False;False;False;True;False;False
19;3;22;44203431;3;19;5.144;False;False;True;True;False;False
55;3;13;15813813;4;55;5.762;False;True;True;True;False;False
52;4;13;16706334;0;0;4.32;False;False;False;True;False;False
17;2;24;49128019;4;5;4.801;False;False;True;True;False;False
33;3;17;26017898;5;1;5.798;False;False;False;True;False;False
37;2;16;23280005;5;37;5.591;False;False;False;True;False;False
29;4;18;29489104;5;0;7.368;False;False;False;True;False;False
44;4;15;19652234;4;6;6.816;False;False;True;True;False;False
7;3;37;68027201;2;0;4.594;False;False;False;True;False;False
38;4;16;22684184;7;0;8.208;False;False;False;True;False;False
45;4;14;19228478;0;0;4.279;False;False;False;True;False;False
26;2;19;32742902;4;4;4.756;False;True;True;True;False;False
56;3;13;15516597;6;1;6.29;False;False;False;True;False;False
55;4;13;15799672;0;0;4.356;False;False;False;True;False;False
59;4;13;14734812;0;0;4.382;False;False;False;True;False;False
24;4;20;35390576;0;0;4.292;False;False;False;True;False;False
47;2;14;18437396;2;47;3.688;False;False;False;True;False;False
23;2;20;36842624;5;2;4.732;False;False;False;True;False;False
28;4;18;30501313;0;0;4.298;False;False;False;True;False;False
37;3;16;23280805;8;10;7.827;False;False;True;True;False;False
11;4;30;52022024;0;0;4.236;False;False;False;True;False;False
40;3;15;21589218;4;0;5.284;False;False;False;True;False;False
20;2;22;42123770;1;20;2.984;False;False;False;True;False;False
40;3;15;21579609;4;0;5.082;False;False;False;True;False;False
23;4;20;36853871;0;0;4.3;False;False;False;True;False;False
20;4;22;42101527;3;0;6.034;False;False;False;True;False;False
28;4;18;30512749;0;0;4.298;False;False;False;True;False;False
27;2;19;31579244;8;2;6.639;False;True;False;True;False;False
5;3;44;80394339;0;5;3.387;False;False;False;True;False;False
14;3;26;44229403;0;0;3.343;False;False;False;True;False;False
54;2;13;16086536;4;54;5.044;False;False;False;True;False;False
14;4;26;44223214;18;0;14.663;False;False;False;True;False;False
5;2;44;80376940;2;5;3.518;False;False;True;True;False;False
51;3;14;17019126;0;0;3.411;False;False;False;True;False;False
11;3;30;52005175;2;1;4.483;False;False;False;True;False;False
26;4;19;32766669;0;0;4.369;False;False;False;True;False;False
43;4;15;20122602;0;0;4.315;False;False;False;True;False;False
52;2;13;16681556;8;4;6.712;False;True;True;True;False;False
6;4;40;73693773;0;0;4.257;False;False;False;True;False;False
20;2;22;42101851;3;20;4.218;False;False;True;True;False;False
16;2;25;52031208;6;7;5.983;False;False;True;True;False;False
64;3;12;13617804;9;64;9.334;False;False;False;True;False;False
15;3;25;42106636;6;0;6.279;False;False;False;True;False;False
21;3;21;40204879;2;21;4.715;False;False;True;True;False;False
15;3;25;42117427;0;0;3.345;False;False;False;True;False;False
12;4;28;49132453;0;0;4.342;False;False;False;True;False;False
34;4;17;25266672;6;1;7.289;False;False;False;True;False;False
26;3;19;32771886;8;1;7.698;False;False;False;True;False;False
17;3;24;49131098;2;15;4.584;False;False;True;True;False;False
46;3;14;18824585;5;1;6.405;False;False;False;True;False;False
4;4;50;88424350;0;0;4.243;False;False;False;True;False;False
43;3;15;20100780;9;22;8.526;False;False;True;True;False;False
34;3;17;25270403;8;4;7.877;False;True;True;True;False;False
47;3;14;18430281;6;0;6.276;False;False;False;True;False;False
28;4;18;30487150;8;0;9.169;False;False;False;True;False;False
45;2;14;19221467;5;3;5.558;False;False;False;True;False;False
45;4;14;19237623;0;0;4.319;False;False;False;True;False;False
43;3;15;20113436;3;22;5.157;False;False;True;True;False;False
22;4;21;38465723;0;0;4.348;False;False;False;True;False;False
27;4;19;31590121;0;0;4.302;False;False;False;True;False;False
48;3;14;18067649;0;0;3.523;False;False;False;True;False;False
35;3;16;24564906;7;35;7.856;False;False;False;True;False;False
12;2;28;49141799;5;8;5.209;False;False;True;True;False;False
27;2;19;31574998;3;27;4.359;False;True;True;True;False;False
49;2;14;17691535;6;7;6.297;False;True;True;True;False;False
54;3;13;16091535;8;54;8.028;False;False;True;True;False;False
25;4;20;34021732;0;0;4.294;False;False;False;True;False;False
17;2;24;49139986;7;13;6.411;False;False;True;True;False;False
25;3;20;34019351;6;6;6.638;False;False;True;True;False;False
56;4;13;15537033;0;0;4.313;False;False;False;True;False;False
35;2;16;24572547;6;4;5.581;False;False;True;True;False;False
30;4;18;28547627;0;0;4.291;False;False;False;True;False;False
23;4;20;36856220;0;0;4.283;False;False;False;True;False;False
18;2;23;46555751;5;18;5.413;False;False;True;True;False;False
15;3;25;42122281;0;0;3.248;False;False;False;True;False;False
55;4;13;15799154;1;0;4.928;False;False;False;True;False;False
58;3;13;14994468;9;0;8.365;False;False;False;True;False;False
56;4;13;15512221;0;0;4.355;False;False;False;True;False;False
53;3;13;16388242;4;0;5.668;False;False;False;True;False;False
33;2;17;26031714;7;33;6.664;False;False;True;True;False;False
35;4;16;24583505;0;0;4.232;False;False;False;True;False;False
39;3;16;22108667;4;0;5.681;False;False;False;True;False;False
49;2;14;17697071;7;49;6.482;False;False;True;True;False;False
60;3;12;14505494;6;0;6.157;False;False;False;True;False;False
51;3;14;17017216;8;0;7.802;False;False;False;True;False;False
44;4;15;19662101;0;0;4.483;False;False;False;True;False;False
4;2;50;88425019;1;4;2.92;False;False;False;True;False;False
11;4;30;52016956;0;0;4.332;False;False;False;True;False;False
9;4;33;58947391;4;0;6.011;False;False;False;True;False;False
54;2;13;16078589;7;54;6.4;False;True;True;True;False;False
6;2;40;73693374;1;6;2.952;False;False;True;True;False;False
44;3;15;19668044;6;2;6.824;False;False;True;True;False;False
31;3;17;27634467;0;0;3.361;False;False;False;True;False;False
58;4;13;14985809;0;0;4.343;False;False;False;True;False;False
4;4;50;88430848;2;1;5.456;False;False;False;True;False;False
13;4;27;46542979;0;0;4.365;False;False;False;True;False;False
54;3;13;16085895;6;0;6.72;False;False;False;True;False;False
23;3;20;36863947;3;3;5.123;False;False;True;True;False;False
55;2;13;15794294;4;2;4.893;False;False;False;True;False;False
56;4;13;15532292;0;0;4.302;False;False;False;True;False;False
7;3;37;68019951;2;6;4.542;False;False;True;True;False;False
18;4;23;46529916;0;0;4.338;False;False;False;True;False;False
13;3;27;46541858;0;0;3.302;False;False;False;True;False;False
37;2;16;23263570;6;37;5.938;False;False;True;True;False;False
23;4;20;36861667;0;0;4.308;False;False;False;True;False;False
11;3;30;52026928;4;2;5.6;False;False;False;True;False;False
51;2;14;17024885;5;1;5.415;False;False;False;True;False;False
50;4;14;17345847;0;0;4.298;False;False;False;True;False;False
39;2;16;22130012;6;39;5.821;False;False;True;True;False;False
4;3;50;88422023;3;0;5.003;False;False;False;True;False;False
8;2;35;63170705;4;3;4.712;False;False;False;True;False;False
37;2;16;23295710;7;2;6.429;False;False;False;True;False;False
36;3;16;23914964;4;1;5.366;False;False;False;True;False;False
41;3;15;21060942;7;1;7.318;False;False;False;True;False;False
40;3;15;21564606;5;1;6.513;False;False;False;True;False;False
64;2;12;13610656;3;17;4.834;False;False;True;True;False;False
53;2;13;16372954;4;5;4.988;False;True;True;True;False;False
34;4;17;25271937;0;0;4.315;False;False;False;True;False;False
52;4;13;16708551;0;0;4.372;False;False;False;True;False;False
38;3;16;22694332;0;0;3.518;False;False;False;True;False;False
39;3;16;22104813;3;0;5.171;False;False;False;True;False;False
26;4;19;32771669;0;0;4.295;False;False;False;True;False;False
34;2;17;25287227;7;5;6.594;False;False;True;True;False;False
54;4;13;16085684;0;0;4.297;False;False;False;True;False;False
41;2;15;21075574;6;41;5.945;False;False;True;True;False;False
11;3;30;52017425;4;7;5.519;False;False;True;True;False;False
62;2;12;14042464;7;62;6.056;False;True;True;True;False;False
36;2;16;23909756;8;36;6.88;False;False;True;True;False;False
19;2;22;44230432;4;5;4.901;False;False;True;True;False;False
52;4;13;16709862;0;0;4.347;False;False;False;True;False;False
58;4;13;14991559;0;0;4.341;False;False;False;True;False;False
57;2;13;15246710;6;3;5.899;False;False;True;True;False;False
37;4;16;23275353;11;0;10.327;False;False;False;True;False;False
44;2;15;19672126;8;1;7.189;False;False;False;True;False;False
38;4;16;22672947;0;0;4.325;False;False;False;True;False;False
43;2;15;20105006;4;43;4.766;False;False;True;True;False;False
64;3;12;13614728;7;1;7.649;False;False;False;True;False;False
22;2;21;38450611;2;22;3.652;False;False;False;True;False;False
30;4;18;28547440;5;0;7.382;False;False;False;True;False;False
9;4;33;58945784;4;0;6.741;False;False;False;True;False;False
56;4;13;15512689;0;0;4.375;False;False;False;True;False;False
5;4;44;80380886;3;1;6.032;False;False;False;True;False;False
57;4;13;15261292;0;0;4.313;False;False;False;True;False;False
57;4;13;15245228;0;0;4.345;False;False;False;True;False;False
34;4;17;25263441;0;0;4.247;False;False;False;True;False;False
18;4;23;46540355;0;0;4.273;False;False;False;True;False;False
33;2;17;26031919;6;6;5.655;False;False;True;True;False;False
46;4;14;18826568;0;0;4.37;False;False;False;True;False;False
54;2;13;16074878;5;11;5.492;False;False;True;True;False;False
33;3;17;26005003;7;1;7.667;False;True;False;True;False;False
52;4;13;16703180;3;0;6.151;False;False;False;True;False;False
28;2;18;30486173;4;2;4.856;False;True;False;True;False;False
56;2;13;15525687;8;56;7.019;False;True;True;True;False;False
61;2;12;14284164;11;61;8.699;False;False;True;True;False;False
13;4;27;46549524;9;0;8.829;False;False;False;True;False;False
46;2;14;18817084;5;46;5.476;False;True;True;True;False;False
9;2;33;58963885;1;9;2.917;False;False;False;True;False;False
20;4;22;42100570;0;0;4.238;False;False;False;True;False;False
55;3;13;15795045;7;0;6.798;False;False;False;True;False;False
56;4;13;15513992;0;0;4.248;False;False;False;True;False;False
39;3;16;22107492;7;1;6.821;False;False;False;True;False;False
26;2;19;32772973;7;26;6.423;False;False;True;True;False;False
50;3;14;17336780;0;0;3.425;False;False;False;True;False;False
18;3;23;46529586;6;4;6.647;False;False;True;True;False;False
58;4;13;14992666;0;0;4.318;False;False;False;True;False;False
36;2;16;23918755;11;36;8.742;False;False;True;True;False;False
57;2;13;15267588;12;1;9.013;False;False;False;True;False;False
20;3;22;42103396;3;1;5.14;False;False;False;True;False;False
17;3;24;49130606;1;17;4.017;False;False;False;True;False;False
34;2;17;25288212;8;34;7.1;False;False;True;True;False;False
40;3;15;21584907;6;0;6.835;False;False;False;True;False;False
36;4;16;23924608;0;0;4.373;False;False;False;True;False;False
27;3;19;31579889;6;0;6.25;False;False;False;True;False;False
20;3;22;42105038;6;1;6.686;False;False;False;True;False;False
18;2;23;46544630;6;3;5.795;False;False;False;True;False;False
46;4;14;18818881;0;0;4.451;False;False;False;True;False;False
7;3;37;68011265;3;1;5.061;False;False;False;True;False;False
26;4;19;32749850;0;0;4.326;False;False;False;True;False;False
36;3;16;23914321;2;1;5.044;False;False;False;True;False;False
6;4;40;73693212;0;0;4.321;False;False;False;True;False;False
